DateTime,power,power_q5,power_q10,power_q25,power_q75,power_q90,power_q95
2025-06-01 00:00:00+00:00,2.7235852671099723,2.092101414889762,3.7090035104709203,2.7737281516760617,2.6464039900547838,3.2878373996927857,3.7648025492794757
2025-06-01 01:00:00+00:00,3.7985022519728,2.6826694610670008,4.036952520904527,4.090302654334632,8.835991883183885,3.158863929662124,3.680070744402922
2025-06-01 02:00:00+00:00,17.92861417769164,4.962725292749361,3.345913533246828,7.289283289851232,19.53936329365707,12.467924756674163,6.157076173988487
2025-06-01 03:00:00+00:00,382.8945586213919,261.5879528804792,266.0176219257177,319.62273461687954,404.910512862732,506.5043008188203,537.6657516380249
2025-06-01 04:00:00+00:00,2079.219284750187,1632.284932199178,1730.2087505335535,1886.3127170709754,2563.5929669224606,2627.238411891598,2638.806221470282
2025-06-01 05:00:00+00:00,5586.832195380186,4437.032852332666,4631.419890611325,5123.027420453479,6281.729485220838,6605.5350255288995,6898.521452930266
2025-06-01 06:00:00+00:00,9801.582867604087,7325.525089939646,7813.262515990375,9015.686330369492,11756.630777504255,12388.68170885002,13856.16140694728
2025-06-01 07:00:00+00:00,13983.226866085914,12692.870488275477,12367.905261584725,12300.440017610963,15854.151679335466,19283.690340481327,20395.852139901548
2025-06-01 08:00:00+00:00,18981.723042492024,17276.676364775103,16934.83203435517,16819.567614725976,20760.1255837238,23406.470312309113,25494.41259395545
2025-06-01 09:00:00+00:00,21681.087108607742,20162.52123685408,20826.848439292567,21378.500997544514,24631.131698466714,26303.195056790617,28790.48545234172
2025-06-01 10:00:00+00:00,26988.092848430697,24911.378797956313,24889.83416523322,26015.034120412707,28511.11431212106,30610.520525657917,31673.325600807228
2025-06-01 11:00:00+00:00,28936.33375646746,26529.96345198336,26530.60671357606,27227.943008033926,30603.11238509311,32596.79903831225,32839.669968006994
2025-06-01 12:00:00+00:00,24070.386891575905,23080.93724271909,23408.446887330836,24307.164891538403,26967.009997125573,28919.28716038641,31308.436539262337
2025-06-01 13:00:00+00:00,22293.442443840802,20042.18484682684,20031.480533516184,21251.43677348213,26473.726687649276,27648.627057322654,29341.712354143743
2025-06-01 14:00:00+00:00,16969.400385042678,16215.969113543497,16480.581894139417,16572.691311824397,19243.412660067588,21646.10653557613,23607.462600340103
2025-06-01 15:00:00+00:00,12089.773377889906,10344.91215732893,10562.189676976252,10687.034151642172,13235.97710524339,15486.792288276876,14854.085854599361
2025-06-01 16:00:00+00:00,7194.56762454153,6003.86318828382,5880.205561783431,6641.513487276372,8448.04063348138,8922.812027630493,8982.64242921618
2025-06-01 17:00:00+00:00,3500.0497866965948,3030.7642262374907,3170.3667236252177,3346.142063947374,3775.6259272558036,4398.460774423678,4661.724390061416
2025-06-01 18:00:00+00:00,1259.8490006773618,1055.9715821318855,1130.320570196214,1101.575758631576,1442.5242711742794,1346.604168925859,1413.6776672125065
2025-06-01 19:00:00+00:00,55.694992002453155,24.874018993895866,46.45965752101783,27.469201042414127,77.52980128943796,73.30246549818368,121.53685317427585
2025-06-01 20:00:00+00:00,3.307895385178199,0.0,0.0,1.4423304115830167,7.70078767434192,7.352622127185048,18.022012343675968
2025-06-01 21:00:00+00:00,3.5985136011159082,1.8949238749317858,2.088140620887508,3.064651896967185,4.147989527960118,5.5283769845765605,6.898669511597228
2025-06-01 22:00:00+00:00,3.238073873841097,2.5677532663179923,0.0,3.1834701688300067,3.7555068768582425,4.452799329980396,5.4513927086581795
2025-06-01 23:00:00+00:00,3.2971619991355805,2.252067918962526,3.0634924060495092,2.9634856861240357,3.332140326855501,3.7066450682875836,5.664903224683883
2025-06-02 00:00:00+00:00,3.2622554364385237,2.7527341246191903,2.861155192147786,2.9552130914290826,3.4231822439288373,3.490049607251287,4.141781020483214
2025-06-02 01:00:00+00:00,2.182219870380336,2.8647891136381194,2.7958509955902957,2.6494725392008216,2.979719404197606,3.52739957269057,4.571418848286725
2025-06-02 02:00:00+00:00,5.084179245810509,5.6482802467640925,5.523623773887897,4.157729849280146,8.092104364224287,6.48597184561875,5.885050902312857
2025-06-02 03:00:00+00:00,413.0766175578519,333.78195418012905,363.7398241437785,338.49519958763216,493.9565257125836,498.02228972047595,493.98950725707476
2025-06-02 04:00:00+00:00,2219.272610068343,2063.5622800843635,2174.0189806044045,2354.4505332827484,2810.1379857568772,3123.5962686288967,3127.39112001706
2025-06-02 05:00:00+00:00,6355.140948157859,4870.461511890159,5285.369787489571,6055.708626243562,7527.874205375478,7409.397377608972,7508.68072892286
2025-06-02 06:00:00+00:00,9786.69584101094,7439.854581869476,7900.592554249536,8887.970168492453,11329.293982958161,11457.30079350137,12404.322348008402
2025-06-02 07:00:00+00:00,16733.80778307744,13836.824959305695,14518.263680723188,14882.253785195606,18215.207101726817,20335.770113823128,21713.696890650386
2025-06-02 08:00:00+00:00,19779.50547075776,17701.5429188147,17581.78148189155,17526.698499776365,21432.12432319218,23961.496343939914,26507.496954905524
2025-06-02 09:00:00+00:00,21999.06531292991,19240.885108781524,19231.953051259792,20619.864792498924,24536.344419802783,26064.259904922146,27823.948553359198
2025-06-02 10:00:00+00:00,25010.840951032096,21800.94992389414,22566.442314781074,23881.82618915009,27081.11226544871,27479.354089450564,27895.252499549686
2025-06-02 11:00:00+00:00,23768.39499207644,21915.209969908476,22705.202826127806,22595.90015601699,26411.19764601311,27477.306503187137,28146.6072150745
2025-06-02 12:00:00+00:00,26421.49529756406,22112.65856381803,22895.98081903732,23862.460900979557,28202.1110276709,29746.39026941421,29245.387464753272
2025-06-02 13:00:00+00:00,25148.492588330024,20453.32540603454,21313.42294195308,21745.53724003122,26544.073098322016,28680.58136166025,28059.8042285916
2025-06-02 14:00:00+00:00,20745.77606333748,17975.434838294466,18249.84014388459,18646.77527243147,22882.947728524767,24196.046014088482,25658.443825708084
2025-06-02 15:00:00+00:00,14653.16315950136,12010.705843166577,12706.713988818456,13431.012624855162,16675.093119244844,19743.213842920795,19544.470838777605
2025-06-02 16:00:00+00:00,10319.124939299318,8208.818356540238,8519.233106905005,8860.405615228963,11973.274728699449,12239.057740741542,12714.646496674819
2025-06-02 17:00:00+00:00,4484.176538086856,3495.77997288754,3560.330285906335,3798.9862102604693,5351.201682600843,5602.006456316128,5725.759666852466
2025-06-02 18:00:00+00:00,1244.1761216474529,1095.739463980449,1160.2729725783558,1300.36884900906,1426.8689077572994,1512.094015861134,1517.177118787675
2025-06-02 19:00:00+00:00,83.510722030466,73.5289141878033,75.33188020689623,62.29311777482551,111.49624970573905,80.33380766477856,105.52857084252949
2025-06-02 20:00:00+00:00,0.0,0.0,4.139470911649146,2.1088567726264027,9.510359575681292,4.454511173925812,4.712384266208275
2025-06-02 21:00:00+00:00,0.0,1.3095617300307003,2.887553587700114,1.8111807563110798,4.629483419684201,6.437509596493672,20.219842443351556
2025-06-02 22:00:00+00:00,25.211613866168353,2.7371427185223047,0.0,4.461662820400253,4.412995579847455,25.947894234465313,20.408625596494602
2025-06-02 23:00:00+00:00,25.108868879200827,1.2080420042278561,3.4689307879526328,4.081606864147939,4.017280215200063,16.75209057889084,7.0300864987506655
2025-06-03 00:00:00+00:00,3.475422989181121,3.24201279894901,3.122375037103793,3.9745165683478163,4.713645546361691,4.353956428475732,3.4226182572367208
2025-06-03 01:00:00+00:00,3.508586845508023,3.2431910068768626,3.267054209942066,3.91576928433586,4.59073460509858,3.800354471063382,4.638209032466683
2025-06-03 02:00:00+00:00,3.0564157314961067,0.7092993574710763,0.0,8.872597116113587,10.505171198414955,9.250542645802277,9.820450650595
2025-06-03 03:00:00+00:00,510.9820083438578,366.6094430747083,399.68339295995656,443.7198155539547,507.3650144095218,529.7746731713596,585.0956414886043
2025-06-03 04:00:00+00:00,3284.1442702160152,2705.761893967016,2758.2689919121503,2829.1800088614946,3620.240316404702,3913.3396105832394,4153.630279346335
2025-06-03 05:00:00+00:00,9547.236464110107,7584.591834407006,7712.807124913539,8429.788994284465,9993.364282528371,10498.31651511574,11006.334629000747
2025-06-03 06:00:00+00:00,16072.430760512108,13931.683630063868,13581.201279390256,14597.066821079425,18090.519561746718,18842.855353780556,19820.122896138888
2025-06-03 07:00:00+00:00,23204.859727080635,21248.986680651422,20849.698713764155,22314.09847075489,26017.626711133227,26795.490924697686,28533.30434100286
2025-06-03 08:00:00+00:00,29457.50860954397,26195.89963740601,27153.221236302634,28245.735060313902,30337.141706467704,32841.542882884096,33948.205596842665
2025-06-03 09:00:00+00:00,33212.942763133906,29899.665239834107,30838.44710624622,32099.658497935805,35117.96877771614,36382.41980919558,38273.840241632366
2025-06-03 10:00:00+00:00,31443.461768756504,30012.57131444037,30288.547191301044,30872.147706775064,33133.152150809314,35307.20452010729,36964.5847129074
2025-06-03 11:00:00+00:00,28714.399428282602,26452.049399189684,27133.045207954085,28155.44251192633,31603.783145906425,33121.017207507044,33061.89686622484
2025-06-03 12:00:00+00:00,26718.875774240572,23423.39660312766,24034.761367168052,25691.137108758423,28180.573366179164,30217.131614114205,31798.33260438223
2025-06-03 13:00:00+00:00,22790.214495833552,20499.064792682773,21713.040744485956,22974.4489547492,24566.016271192446,26713.73655945735,29841.39190643396
2025-06-03 14:00:00+00:00,22401.00343781652,19068.050384610495,19513.483671268168,21415.587085468156,22884.109329126033,25049.841181987915,27759.366069550055
2025-06-03 15:00:00+00:00,15700.881323468486,13242.09390222919,14519.31062016541,15053.640097764988,18286.930756512615,20054.546464173174,21192.256196102135
2025-06-03 16:00:00+00:00,11400.520241325783,9277.119093833739,9646.060037662495,10338.306681062568,12707.941642075912,12670.837151208643,13431.468597787823
2025-06-03 17:00:00+00:00,5071.284313916238,4084.823042461258,4251.357572771968,4287.00341496216,5540.291521324301,6228.480958451936,6651.330907361478
2025-06-03 18:00:00+00:00,1370.748876039847,1287.240983061107,1243.0705895555166,1391.4043121133727,1607.8986084287799,1730.1571183376575,1981.9934965789575
2025-06-03 19:00:00+00:00,81.3721179585116,80.55086728827875,83.11275464134111,45.43313655489163,65.42270988299647,91.27183157085645,118.18631517294428
2025-06-03 20:00:00+00:00,3.992309977931908,1.8381553714211807,0.0,4.214614343600116,2.5746938952927856,3.7587944820849803,8.39289970221519
2025-06-03 21:00:00+00:00,2.9074779008216503,2.981010961343899,3.1697001840716146,2.986408441704206,3.3985034879300495,4.418865265473905,35.88675422733596
2025-06-03 22:00:00+00:00,2.5251561511188516,2.3405722513895366,3.2051866819733332,3.24582779310139,7.779768913068377,5.625511844142804,17.132781669010885
2025-06-03 23:00:00+00:00,2.3547401725348474,2.9868345712239717,2.656736972596001,2.6329554801079333,2.8870408199682696,3.50456889780504,3.8170422958012042
2025-06-04 00:00:00+00:00,2.520136818180989,2.2754837859795707,2.7945278667204034,2.57981372752418,2.786128265364281,2.9540406019839076,3.0902701420790812
2025-06-04 01:00:00+00:00,2.317671255656386,1.0907096481706038,2.6346909192254504,2.360737346614164,3.1192344347621495,2.7890687164666996,3.3157110590935086
2025-06-04 02:00:00+00:00,7.736393574076339,4.528443890523914,8.11131254098667,7.306784743867646,7.619478950746833,22.465595493265926,7.407022893732368
2025-06-04 03:00:00+00:00,429.764171814039,379.66095001872696,410.1967003754657,440.31971409521555,435.7773606819656,408.1732850441765,538.1418953116138
2025-06-04 04:00:00+00:00,2814.1373017303736,2483.7115448307504,2459.5893036735542,2516.37514951424,3107.1906162696,3385.4316273149525,3621.5557703720215
2025-06-04 05:00:00+00:00,6870.2809720585765,6550.669703362969,6182.1938940226655,6497.558980109248,8265.71327222849,8687.592729887754,8922.012592861616
2025-06-04 06:00:00+00:00,14671.880820426179,12047.602187269931,12828.21858360206,13350.498283590694,15420.886391441454,17378.974578120182,17919.950899826883
2025-06-04 07:00:00+00:00,21453.235786461817,18282.423423782973,18977.924863983153,19503.309797160797,22601.1901340767,24581.070536770552,25824.012883879197
2025-06-04 08:00:00+00:00,24721.78025801929,20403.745280879164,21074.151774935264,22439.608482314263,26711.69483517018,28525.00949915165,30024.84173310573
2025-06-04 09:00:00+00:00,24732.3531131383,21622.582559577386,22889.795532166878,23699.772465936654,27910.028167725286,30028.366440980237,31610.95502637762
2025-06-04 10:00:00+00:00,24222.419856647208,22035.728391941757,22281.27427548742,23023.535104145692,27379.02189378581,29636.233309370713,29239.358806669996
2025-06-04 11:00:00+00:00,25062.680972333674,21591.234781241204,22351.892702364607,23960.833032373965,26948.039929684168,28308.41783880086,28689.16243039336
2025-06-04 12:00:00+00:00,24115.438715379903,21346.395140247936,21550.842645444834,23351.908659209177,26325.82188775915,26966.417124396517,27716.801048936708
2025-06-04 13:00:00+00:00,20333.35040290347,18448.613852639613,19140.418219713843,19610.374058729143,23161.312224235102,23369.8782091852,24471.124826447496
2025-06-04 14:00:00+00:00,16407.3102466436,15076.068639472122,14991.407795659286,15260.454235712754,18490.035186806384,19947.52442455471,20770.84727229474
2025-06-04 15:00:00+00:00,12261.083877603041,10247.273240998995,10249.378887085124,10548.036506996288,12943.621293510761,15350.467619112684,15320.43271836188
2025-06-04 16:00:00+00:00,7208.566848634975,6016.7125166117285,6072.365852764648,7072.567541516169,8367.682373608268,8814.875464909022,8928.199183559058
2025-06-04 17:00:00+00:00,3778.120576413078,3137.209504439087,3185.068851704157,3585.3599040614313,3926.5616176450167,4622.709312269458,4721.688095448985
2025-06-04 18:00:00+00:00,894.6091959032052,674.9685201465575,789.9536778952323,808.9826479526552,1045.0777884815234,1250.8133553494774,1190.6782104884992
2025-06-04 19:00:00+00:00,61.5319645147753,7.730321007088606,9.244438169810286,0.0,70.75867079117747,146.47265192849412,123.71481530441139
2025-06-04 20:00:00+00:00,2.625790668361855,0.0,1.025532389116739,0.0,6.2495775697580624,14.900236898175612,10.43300696107325
2025-06-04 21:00:00+00:00,3.527846262474705,1.9677780348147063,3.4541534996763357,3.443063818459292,3.846301783431579,4.709591489669402,4.5477308874988305
2025-06-04 22:00:00+00:00,3.5218303507616766,2.8278583337223093,3.313694174348165,3.0965519824926444,4.031653904916475,4.1463482548543835,5.0443735800361695
2025-06-04 23:00:00+00:00,3.1147278319257303,3.1626544063890503,3.122504163503439,3.0280225741476396,3.313308668739691,3.3704401555935055,4.015743327626104
2025-06-05 00:00:00+00:00,3.015046152406326,0.940422520933394,2.9422282625388525,2.9995772858389667,3.0806805937677773,3.038403571289566,3.1281270973483646
2025-06-05 01:00:00+00:00,2.6735165839638118,0.9556233463073142,2.9327512256878845,2.893073035012048,2.961225450099158,2.9788817372515006,2.9995416139459965
2025-06-05 02:00:00+00:00,5.53732187574499,3.767025284662547,4.93353286361217,4.297364253018297,7.366602103484534,6.814501405511546,5.435821793196687
2025-06-05 03:00:00+00:00,319.24923408080446,212.26117773040667,268.9102976916224,251.19951539890445,334.28590403890223,340.40824419412945,316.59980663369606
2025-06-05 04:00:00+00:00,1854.8801434800841,1830.0973708554811,1783.632904781138,1845.1977659395354,2430.603049015963,2228.7690084637093,2568.15374326414
2025-06-05 05:00:00+00:00,6464.574252369505,5114.34258363389,5523.1744349086,5895.862776650633,7369.571842508881,7853.715946356904,7710.488996298758
2025-06-05 06:00:00+00:00,12120.875345759765,9932.92591287692,10211.041337514482,11301.698575911716,13205.182111562619,14715.857264788201,15218.856588650771
2025-06-05 07:00:00+00:00,16535.944295792848,13308.497510234713,13857.36291114359,15056.486763874993,18468.769807853412,20785.74544833327,21786.09411111436
2025-06-05 08:00:00+00:00,20765.81832838411,16736.879610661217,17142.63700018205,17749.363850882455,21883.93275756255,24075.939337956283,25441.290156386767
2025-06-05 09:00:00+00:00,22258.834385135928,19521.890882900498,19673.9857240284,20101.832213438018,24575.106841525827,26328.542925126003,28245.593820691265
2025-06-05 10:00:00+00:00,23484.638566054648,21300.58997970591,21396.593164861893,22342.917834125077,26018.69151099679,27417.786594784644,28608.383377020687
2025-06-05 11:00:00+00:00,23716.24821780081,21589.109800201924,22026.08195899521,22917.401442231385,26010.107542060872,26300.24232396231,27883.93370148162
2025-06-05 12:00:00+00:00,23403.6152500358,21391.058661839557,21766.996497057604,22890.009041409914,25753.638410719796,26773.95562722359,27546.28698107838
2025-06-05 13:00:00+00:00,21603.31704611543,20059.471016816886,20415.04798217223,21084.884917020852,24133.198847487918,25216.614753412458,25937.872984260917
2025-06-05 14:00:00+00:00,19408.479361291145,16379.985018194508,17339.26491227736,17669.334705993595,20914.47788322267,22921.718017818246,22773.703849750265
2025-06-05 15:00:00+00:00,14975.695846418894,13766.413184477788,14006.406749334552,14406.172526624741,16198.00935197428,18445.039998883396,18785.553013677123
2025-06-05 16:00:00+00:00,10104.780148438007,8976.355336132598,9164.324592828494,9516.323327770624,10635.248411648268,12037.788451382863,13140.389499161964
2025-06-05 17:00:00+00:00,4637.116733539439,3770.7765142100284,3756.3964008308544,4112.6073689986015,4784.683286540815,5099.561608807392,5436.187529691662
2025-06-05 18:00:00+00:00,1341.7011820306768,1021.761783523326,1100.6958890050105,1163.8675939388484,1293.6545780187437,1495.6525227828527,1336.6235611359539
2025-06-05 19:00:00+00:00,81.71557445518323,38.71616402772316,57.19881885229861,48.93527973239796,94.64783314441117,169.41341530421462,119.77488643808822
2025-06-05 20:00:00+00:00,2.4318354352518714,3.9413950702602656,0.0,3.7582674127477786,8.979810151421932,7.480580905431873,5.649188062471537
2025-06-05 21:00:00+00:00,3.273870722838276,2.1545996285338167,2.7692712609923804,2.9669453909871657,3.3400917131743024,3.790353096642292,18.88259613695767
2025-06-05 22:00:00+00:00,3.1121440237799973,2.675643081749402,3.0598948740238465,3.014736202075823,3.0759865902051695,3.515354887666258,4.175257246908444
2025-06-05 23:00:00+00:00,3.9529165133025628,2.6270436249342213,2.7223629222538923,2.98101698497492,36.336720697926474,6.190048188002546,15.533250450507863
2025-06-06 00:00:00+00:00,2.8465875931935014,1.8396117402870265,3.685069609886217,3.598195957751015,35.933847764069704,5.297492303568238,3.0405394582891465
2025-06-06 01:00:00+00:00,0.0,1.105418324959285,2.4088989745388796,2.53026049308868,35.5499762087839,4.191330616735364,4.908371986103128
2025-06-06 02:00:00+00:00,13.446195036907307,6.925319780639631,0.0,7.21734594880494,51.96898912182869,8.514854343915244,14.929524026731292
2025-06-06 03:00:00+00:00,225.97183798816636,141.75565467742445,137.3152334212182,206.52002790556705,460.4172428626287,317.55276390506754,227.1544919696479
2025-06-06 04:00:00+00:00,1298.3051264982987,784.881568401564,803.5862234302294,725.9093026740139,1616.6730734946668,1427.0242290000867,1461.5068534556362
2025-06-06 05:00:00+00:00,3374.2108172544,2060.412529464821,2303.052491468704,2521.7474237665683,3745.663365738342,3798.273036911742,4143.919314123691
2025-06-06 06:00:00+00:00,7878.8388058925675,5411.769202636196,6322.051250232467,6637.002472250917,9142.56303959915,9558.239754194492,9603.603700079955
2025-06-06 07:00:00+00:00,13891.581085397553,11204.89287412761,12112.59320832512,13243.126420740464,15606.724403982002,16715.467262503887,16753.89754978543
2025-06-06 08:00:00+00:00,17293.646971729573,14564.104520273755,15063.919903415912,16406.037307427385,17998.243605121104,20582.26371000919,22476.598924528153
2025-06-06 09:00:00+00:00,22544.63965790297,19910.617755527044,20798.17575824427,21001.804703317022,22731.953406592438,25436.967800817216,27629.250356171753
2025-06-06 10:00:00+00:00,25940.5081289984,22437.168417077162,23282.320685954386,24211.95557605488,27112.108145033715,29228.651743968265,30316.40570956542
2025-06-06 11:00:00+00:00,27195.842383437222,23979.90303170119,24509.312519642048,26115.926178394868,27690.36096872779,29495.44720897308,30855.74721461503
2025-06-06 12:00:00+00:00,27527.540613186473,23632.505870736903,24243.218464553775,26284.63186645999,28045.908494020547,28772.446569328506,30860.31381308413
2025-06-06 13:00:00+00:00,25942.85104095632,22525.363822004874,22970.013967358238,24323.035368978566,26317.8744905392,25837.566332136023,27897.795304211184
2025-06-06 14:00:00+00:00,23555.56302629842,20218.43903183934,20736.931542233153,21912.259827589223,23770.637048064527,24719.36122816153,26013.499697902553
2025-06-06 15:00:00+00:00,18322.72620625317,15264.091648437598,15974.289072011354,16528.84527885315,19110.176974187532,20427.045615277457,21513.98718079933
2025-06-06 16:00:00+00:00,11197.487245002214,9054.329779603351,9202.559333290998,9677.084689806823,11970.096495037415,12823.763657981955,13338.026511523452
2025-06-06 17:00:00+00:00,4994.006035596492,4094.534960665506,4322.682320256156,4460.872486373119,5079.980046476544,5534.044709647754,6152.16091879029
2025-06-06 18:00:00+00:00,1401.564832710955,1244.2454363100433,1171.3410249590981,1199.5370377333363,1503.8300049819045,1911.5753648699033,2079.2774546256073
2025-06-06 19:00:00+00:00,88.18739391530539,62.39851123055283,86.34965804577982,56.48635449884325,114.1334027857602,144.53081563020956,126.54766621133439
2025-06-06 20:00:00+00:00,8.294881829381305,3.27649036076393,1.6661613431966311,2.985843986985654,7.959500931165712,9.433502679887706,13.263640673648451
2025-06-06 21:00:00+00:00,2.4211352258750294,0.8950887978238508,2.9721425060245408,3.03361844520566,3.363982796176389,4.021491633372768,12.309887424256267
2025-06-06 22:00:00+00:00,2.2036330157343595,2.4212876193441777,2.321620528040092,2.6283110463129424,3.07869658619091,3.5629510856062616,4.974443612434515
2025-06-06 23:00:00+00:00,3.0101440260664383,2.7373052996415512,2.546626432305093,2.4357396927459454,2.8439150477439052,3.1529424181302907,4.094845714397379
2025-06-07 00:00:00+00:00,2.4579582534599624,2.2448321885878233,2.395178702510343,2.4836513890503973,2.9965839658639006,2.9542419976298797,3.2959189828142357
2025-06-07 01:00:00+00:00,2.3049699082436894,2.3130987574658732,2.351303851844912,2.3501157929239698,2.625902532673925,2.8852265189430106,5.420555226357485
2025-06-07 02:00:00+00:00,35.64770279772414,9.20720107241673,5.27160348861897,5.729563422069469,8.48932821254506,39.146021321899624,9.289958842823653
2025-06-07 03:00:00+00:00,399.07630632704434,285.3262310375832,304.8191079382921,345.02510739477987,392.8310711343076,491.1725458423778,538.3286943424798
2025-06-07 04:00:00+00:00,2046.2456628187933,1719.1722094274285,1786.214103711623,1935.8009975269629,2514.4833155268416,2398.4502810110575,2609.8784215283804
2025-06-07 05:00:00+00:00,5901.648465234093,4686.530314882917,4856.098749111835,5158.635885165367,6488.350946605777,7395.825363701426,7209.038241081424
2025-06-07 06:00:00+00:00,9708.101953510293,7416.4816396885135,8037.299005832656,8332.234509384916,11605.413480320467,11903.124802802467,12949.297992213083
2025-06-07 07:00:00+00:00,12798.947053403213,10677.095619035314,11621.694406276321,11799.833285632032,14626.504311281824,17570.597806709055,18107.242926613926
2025-06-07 08:00:00+00:00,16591.12632884569,14697.612973924852,14814.062672856886,14918.17332552814,18843.906711358915,22131.670732215156,23455.00280160063
2025-06-07 09:00:00+00:00,21063.068065532112,18542.37991707827,18896.684391663166,18907.043588001718,22425.110279733384,24786.714848870794,26527.60600887973
2025-06-07 10:00:00+00:00,22881.479770228198,20557.802726445014,20573.83150347552,21338.102620571517,24534.89495343421,25798.072174940567,26680.75240036134
2025-06-07 11:00:00+00:00,23786.71432566829,21010.43714734044,21313.740048109863,22067.754177028244,25149.82357488906,26988.694444556764,28315.365457068827
2025-06-07 12:00:00+00:00,24164.177707005398,21142.535103968883,20892.95838783973,22324.787695177958,26220.597911825593,27877.718690105234,29271.379472785655
2025-06-07 13:00:00+00:00,23748.781059561625,20715.11072739029,20676.460292157237,21802.748096553696,24627.4574012591,27072.405167247594,27670.59221799282
2025-06-07 14:00:00+00:00,18610.224851233685,16585.927794998595,17455.840971160756,17929.968126823427,20981.15523330282,22441.385055181407,23309.23012573086
2025-06-07 15:00:00+00:00,15202.610389012507,13565.29835352462,14019.534987748,14537.769300449774,15981.348162344368,18177.98781849287,18990.38722546604
2025-06-07 16:00:00+00:00,9131.203868358823,7698.99605629563,8004.465236492038,8455.01435534526,11254.449822469258,11081.981534054667,11530.299928877781
2025-06-07 17:00:00+00:00,4595.296928149234,3626.843159737207,3832.1034066157827,4223.732776731699,5188.331174416269,5534.995214495983,5992.043703507868
2025-06-07 18:00:00+00:00,1490.237736848654,1387.745780160029,1308.714116908812,1533.7708795681835,1745.6689752813174,1911.1364526065577,2039.9452215325086
2025-06-07 19:00:00+00:00,129.03020663666655,85.8726478753871,67.30144298871622,139.62291045283558,119.37091733018411,125.08603486036607,125.88078906735356
2025-06-07 20:00:00+00:00,35.42282444636472,2.985761704454241,0.0,11.694256379551199,33.59872883852989,26.724029567489517,9.920788804106442
2025-06-07 21:00:00+00:00,2.0472435124514625,2.1559411851161987,2.6747381465786964,2.538629804690622,3.2876093012214227,5.528521079721919,6.651966826440443
2025-06-07 22:00:00+00:00,2.18435507717769,1.8201996091314276,0.0,1.7170014274262244,2.4375239993985325,4.842629810317487,4.731824015755279
2025-06-07 23:00:00+00:00,2.43214745551282,0.7298714936661332,0.0,1.9327707956754097,2.110421825008035,3.146525901552223,8.41663268589983
2025-06-08 00:00:00+00:00,2.5176724869328315,2.1494122092427754,2.6725452840034714,2.0732572540409304,1.3521461879224663,2.9379680088164646,3.109560056337911
2025-06-08 01:00:00+00:00,2.442290367737806,2.305599619104514,2.8124440521690617,2.321633357169139,34.872320687048465,2.843079285172619,14.988618419337438
2025-06-08 02:00:00+00:00,0.0,8.402107220538406,8.220786324943331,5.9093757608069195,40.91799429489087,20.492787476566612,8.529015776836399
2025-06-08 03:00:00+00:00,388.1038243741933,348.11059852979923,393.2955387423198,381.82300547445055,681.2037241686027,624.550174313693,652.8988981511133
2025-06-08 04:00:00+00:00,2516.294247414616,2023.7815699859286,2249.0470022940417,2533.696936607221,3195.9489726986253,3244.4456885843874,3227.9491530536934
2025-06-08 05:00:00+00:00,6614.111965123383,5276.850298003434,5691.566191773409,5884.075548880256,7579.874101683009,7748.964640088866,7815.1803629323695
2025-06-08 06:00:00+00:00,11159.453887135347,8313.287483832333,8626.907544965907,9569.995664380107,12514.848149333326,12771.673130935978,13654.379240537093
2025-06-08 07:00:00+00:00,17401.471015039617,12496.265417668435,13781.384173646004,15899.61864360432,17949.38308495777,19277.960863923265,19814.34322905862
2025-06-08 08:00:00+00:00,21110.719852225706,17445.44112414223,18138.199607894716,19388.3651579184,23296.079085497193,23868.220153181122,25304.691307169986
2025-06-08 09:00:00+00:00,25453.04088457678,21767.53415614881,23078.722303758597,24001.546472731494,26705.23915292309,28303.72418692784,31073.967591944012
2025-06-08 10:00:00+00:00,26301.332646895917,23281.239326599127,25055.781786304833,25875.68383936689,28308.172847142254,30087.839950902708,31194.846097376405
2025-06-08 11:00:00+00:00,28269.488571444017,24610.01827376279,26233.46349183683,27219.258319125216,29812.707063557526,30249.232690446675,31972.13799254676
2025-06-08 12:00:00+00:00,27931.08821599917,23422.627369710415,24555.127380879356,26814.24678581404,29250.34850943231,27661.27833664493,29920.43660971151
2025-06-08 13:00:00+00:00,27018.574634513854,22760.199298170995,23121.18760513077,25248.55901188301,27360.97270861294,26459.697422482706,28905.78639166823
2025-06-08 14:00:00+00:00,23553.166976219516,19761.99977477806,20249.092889577387,21981.146051465195,23705.669985016153,23552.6614235894,25829.63674742589
2025-06-08 15:00:00+00:00,17830.788538937013,14373.495275430929,15480.707978025397,16267.791544051704,18563.91533054466,19377.19543914083,21228.35787447025
2025-06-08 16:00:00+00:00,10565.844393680765,8746.011524396794,8707.27277765641,9344.460909094249,11243.252565453991,11491.02124494934,12574.690194299334
2025-06-08 17:00:00+00:00,4988.4529398690165,4027.9353174358102,4307.564195217131,4221.356820689258,5545.506027976579,5759.40441030948,6828.285522946625
2025-06-08 18:00:00+00:00,1744.112833652109,1546.0756703147888,1483.5353332553427,1714.277899546343,2205.1471397184773,1858.3438917791188,2130.6395215727393
2025-06-08 19:00:00+00:00,163.70742392534746,92.57370597137665,67.24575010090012,91.16807778860675,220.7759626195683,113.1348807982321,143.31734082691852
2025-06-08 20:00:00+00:00,30.54475457104989,5.487991431190312,0.0,1.8530502629196324,22.697092073243404,11.30561129874689,7.7567711563625865
2025-06-08 21:00:00+00:00,4.789105220610386,0.0,1.1161175339405855,3.208578679330515,37.02779523048228,6.610491901447356,16.450226820852112
2025-06-08 22:00:00+00:00,4.3759543361688,0.0,3.1428084835511614,3.2634136358963626,36.4293984905908,6.114907505228097,5.077511378032207
2025-06-08 23:00:00+00:00,4.410953731749385,0.22659057763744675,2.6475428945569104,3.252193995126966,36.090145525310625,4.234033842126192,4.866501919149957
2025-06-09 00:00:00+00:00,3.503340623054826,0.0,2.8288617232079125,3.345030391924548,36.30160542377404,3.6371204365860303,5.215425224181858
2025-06-09 01:00:00+00:00,3.11055229143137,0.0,2.0802066081768915,2.8355335885538255,36.15692618523871,3.684385527141681,4.269397284285651
2025-06-09 02:00:00+00:00,8.075932830134672,6.736741601594187,5.43409242472359,7.8372108344311355,105.89066111510695,14.50091265431755,21.77577390753464
2025-06-09 03:00:00+00:00,501.11479090014745,385.8769051630369,391.14851459482475,423.34503785282214,478.50802869749106,454.12499467759164,462.45980480261665
2025-06-09 04:00:00+00:00,2600.2851149233234,2516.803387912248,2616.0258273565555,2638.2817636315435,3032.476159267313,3377.2326478944133,3626.5832217649854
2025-06-09 05:00:00+00:00,8378.510247416227,7617.852157641409,7552.909555003869,7675.67094974303,9706.36091248323,10801.350987041878,11956.210351509357
2025-06-09 06:00:00+00:00,17028.619564229066,14612.668150784888,14993.979017263102,15687.50185819483,18097.55923868366,20437.460369797976,21709.298259085106
2025-06-09 07:00:00+00:00,24293.983910904342,21408.814937468353,21613.39712362669,22605.205612140988,26030.72419159604,27205.07663264544,28987.12313188774
2025-06-09 08:00:00+00:00,28341.664938941612,24181.78373910575,25225.41091831135,26980.05990567229,31201.1374719688,32198.786843023925,33126.6613248137
2025-06-09 09:00:00+00:00,30764.021248423785,27047.483036299785,28779.959876406196,29725.349335170642,33615.7449044173,33982.52144476105,34838.98058741474
2025-06-09 10:00:00+00:00,29306.40811512178,27613.048376770636,27816.975755188825,28689.38666099606,31832.451900101172,33539.714777516,33847.25300630848
2025-06-09 11:00:00+00:00,29585.873079194775,27889.44722987613,28480.154688855844,28265.47076801832,33017.399536479315,34694.07893120122,35820.24807887485
2025-06-09 12:00:00+00:00,30848.99481135763,28511.7585247157,28786.76797862925,29858.541379186714,33369.93402112308,34737.645236090255,34665.89905874336
2025-06-09 13:00:00+00:00,29831.982230082176,25988.75973488284,26919.95166550637,28249.882991045157,31958.17990278758,33371.01194070761,34437.953680971266
2025-06-09 14:00:00+00:00,24492.693879584574,20807.85497755753,21614.3557128092,22597.36682785935,27655.448863837533,28392.392407328767,30924.054593493776
2025-06-09 15:00:00+00:00,18467.17688116565,16262.2297551353,16433.97165417197,17960.13978061306,21306.532905460695,24105.606429499046,25141.47355967663
2025-06-09 16:00:00+00:00,11899.775382580805,9367.585236532264,9689.933183651581,10941.767128536814,13344.400421469862,15108.198253840266,15653.514621740711
2025-06-09 17:00:00+00:00,5982.911897644448,4556.0691261649745,4951.434613298719,5330.296923152554,6091.702957584635,6459.388860454734,6982.696080071485
2025-06-09 18:00:00+00:00,1741.4778016439225,1489.710309724315,1363.4862814806122,1602.0995959083918,1883.3904477675003,1928.128188037593,1971.5255723418854
2025-06-09 19:00:00+00:00,121.34487073626765,99.24619981050006,112.04848262515665,121.06364091275006,127.48903453433984,131.9883115005751,157.44765239218208
2025-06-09 20:00:00+00:00,3.8373212636216607,2.324295493534136,8.620521859552634,8.500332375330213,13.992220109044226,9.988247976450644,6.722389298043903
2025-06-09 21:00:00+00:00,3.868877383919143,2.707517433382846,3.4806512564586662,3.76836238877955,5.209629981601196,7.6190168725241625,18.337240889592067
2025-06-09 22:00:00+00:00,3.838888454015591,2.064307322493619,3.279270829201393,3.6259206700679982,4.0358771834796885,4.447851189397119,18.121602367393827
2025-06-09 23:00:00+00:00,4.387310769434376,2.8819021119839996,2.9975211127688763,3.212435679706657,4.330779240752027,9.246204688450904,4.793607543242306
2025-06-10 00:00:00+00:00,4.16583395767313,2.333856523287836,2.931016239328434,3.1742456394632517,4.006221687337024,4.051337369288197,4.191969870930722
2025-06-10 01:00:00+00:00,3.887381591041846,1.395959455184378,0.0,2.810340117725922,3.852804354069794,3.6050270785400964,4.152291058572311
2025-06-10 02:00:00+00:00,9.512855112162807,6.901985731748095,2.4684879367941797,6.195296382661731,9.935129518203018,8.35663440114374,22.268457949920563
2025-06-10 03:00:00+00:00,421.8510239073892,363.8829370732402,390.6775579609752,451.85316932433324,528.6773051839575,473.10368490142895,458.36447576458716
2025-06-10 04:00:00+00:00,2335.056221474872,2181.7089249352634,2428.522026820101,2208.6910660483118,3010.084679347688,3263.75419654799,3313.555676425803
2025-06-10 05:00:00+00:00,6500.49389601274,5264.091892161141,5512.45247606467,5864.724031028694,8115.127533124098,7987.319441795877,8344.527822327813
2025-06-10 06:00:00+00:00,11497.822285741799,9012.247205052377,9586.739440088304,10532.500945067464,12474.383339141079,14350.963706329398,14750.19337892803
2025-06-10 07:00:00+00:00,16789.989910078108,13644.743562650581,13898.646870500686,15270.53640250303,19039.162972674392,21781.36348842497,22767.95739879335
2025-06-10 08:00:00+00:00,20516.96022766518,17775.725909074237,18044.31365132252,18924.825412481005,23402.759324365063,24719.261874067648,25191.807429331668
2025-06-10 09:00:00+00:00,24940.830331377972,20065.663956041786,20847.76935798408,22538.153400953644,26270.779625179075,27550.4135653051,28589.462380975747
2025-06-10 10:00:00+00:00,24312.107804132393,20931.347650789863,21478.21503638088,22595.06421720777,25526.26341795639,27026.12216875872,28866.365328323533
2025-06-10 11:00:00+00:00,24310.587540130946,20380.74824463405,21145.1866092604,22830.017693613976,25327.615769228978,26667.45547970116,27991.57666859149
2025-06-10 12:00:00+00:00,23645.300394847483,20061.086824410446,21074.310347185616,22264.054044796634,25378.738590462523,26564.9049752036,27297.139117681512
2025-06-10 13:00:00+00:00,20805.635829679384,16137.465552620479,17690.406314736898,19441.661873309436,22250.782936232867,23663.09543228303,23547.442896667973
2025-06-10 14:00:00+00:00,17794.480120047705,14332.275258069492,15494.776181589881,15671.459107906605,18971.318316177745,19335.840905161658,19392.832926930234
2025-06-10 15:00:00+00:00,11591.666403821086,9589.452983295252,10291.63830154405,10270.774563039493,13136.690258446939,14269.40347045812,14602.084813777577
2025-06-10 16:00:00+00:00,7974.522807385827,6483.558441483166,6688.286261766475,7354.520007304339,8439.978911578652,8845.408861593212,8988.566391338152
2025-06-10 17:00:00+00:00,3934.499132901858,3192.078067048906,3089.939223294403,3478.6811966741725,4068.360625210639,4245.385129005784,4733.984484817575
2025-06-10 18:00:00+00:00,1285.526792178451,1207.0154821616052,1224.736720868032,1209.1746192622934,1645.4280482240843,1423.058469853018,1593.9243293399725
2025-06-10 19:00:00+00:00,169.83139898092452,89.1252752556572,80.20592892389763,123.34516651178997,181.70812851011007,173.4921692205329,185.16571345212517
2025-06-10 20:00:00+00:00,32.120545348548,4.382603040885478,7.107239399991699,4.374650206905749,17.358138709793057,13.836540218357458,5.44059784004524
2025-06-10 21:00:00+00:00,4.121333366764044,2.0846854663501775,3.758974454823133,2.6321379866975043,36.57604027960628,6.729254230640482,13.541939885364595
2025-06-10 22:00:00+00:00,4.8018567835103845,0.0,2.8827485686447685,2.9777453650240946,36.217379339314554,6.383405201984255,4.5980607062711645
2025-06-10 23:00:00+00:00,4.403681162433794,0.0,3.2406573767134907,3.2768142965732547,35.80170676539241,5.127130947749608,4.0481016285031695
2025-06-11 00:00:00+00:00,0.0,1.6905913585175434,3.391351696874487,2.2567162104991074,34.52783747674053,3.4052127188568657,4.1253709700585235
2025-06-11 01:00:00+00:00,4.596870159641755,0.9710382763961968,2.025799605652409,3.018398292462253,35.47916050487762,2.7439412699352266,4.042802571574723
2025-06-11 02:00:00+00:00,8.622805964246384,2.802925589568989,8.267772732521562,8.787057855143606,40.66048405305129,7.931418213515229,10.716231428939823
2025-06-11 03:00:00+00:00,361.0527764614606,310.83557892152993,316.9646287616409,336.02758032837085,419.02770265207045,471.2246900864105,540.9135215919214
2025-06-11 04:00:00+00:00,2507.89533438442,2091.1357351951706,2098.211367197212,2287.4033583107534,2709.278663051912,2899.62539686069,2845.8163109411075
2025-06-11 05:00:00+00:00,6480.632511050996,5406.617995562047,5445.17669155157,5813.064788520711,7449.591830555973,7735.49497564509,7670.864490652202
2025-06-11 06:00:00+00:00,13016.953664573804,10921.136589761212,11472.080724024929,11894.45172160494,13582.939591649065,17024.929224718067,17665.68866137077
2025-06-11 07:00:00+00:00,19418.13447747478,17395.60814707,17946.219350743828,18859.441455612712,21739.392545997314,23507.11308987029,25548.602471927585
2025-06-11 08:00:00+00:00,25977.712644514104,21880.025202440163,22617.550183246505,23681.323849531505,28026.437839864415,30037.460956956173,32637.898035682058
2025-06-11 09:00:00+00:00,28767.338783472933,25916.04694964554,26290.55866666997,27115.23849532501,30871.38699594187,32970.433146974225,34207.95167095344
2025-06-11 10:00:00+00:00,30483.441557994556,28375.593993810508,28810.67325189069,29126.616979075006,33442.01437065988,34823.984125736824,35219.50778751945
2025-06-11 11:00:00+00:00,34582.92289656805,29851.440737499965,30735.6883848632,32357.39268211639,35031.2800741732,37179.1654885124,37412.66006993365
2025-06-11 12:00:00+00:00,36249.14502171382,31996.100796483377,32656.526032901984,33517.58072889867,37615.04410356713,37724.6858603856,36936.99674685132
2025-06-11 13:00:00+00:00,34588.031624247466,32156.3818826425,33048.345852584236,33793.06475987963,36549.98657772379,36071.94801374032,38025.79340335197
2025-06-11 14:00:00+00:00,30219.56543942041,27975.9289509183,28625.473686029185,28899.704595577587,31849.3824485361,33081.317495027266,33530.431747185576
2025-06-11 15:00:00+00:00,23299.866436447912,21839.26308869122,21871.1005856186,22562.569460243987,24827.548072918285,26987.417428082885,28405.13882729554
2025-06-11 16:00:00+00:00,15644.481362462559,14219.931837548991,13886.675583084638,14181.379475342337,17617.469823960575,19475.537101498063,20770.62190179246
2025-06-11 17:00:00+00:00,7450.850842938798,5879.986824796162,6088.540028137931,6514.200559122362,8213.979366334688,9321.840151408527,9630.499429413483
2025-06-11 18:00:00+00:00,2079.7311250698353,1745.9302440473928,1684.1018741404034,1761.068650216766,2224.073194067005,2273.6332123445018,2717.903761149735
2025-06-11 19:00:00+00:00,146.5802134807173,153.18030962973083,144.28752735290058,209.5045551959644,179.5541845542111,164.78157561944914,197.05800119098112
2025-06-11 20:00:00+00:00,4.013153831144571,0.9154564331762705,0.47969231243337007,0.41605616759803327,2.8769656000636616,6.235101176371698,5.704403950857405
2025-06-11 21:00:00+00:00,3.4201704270936766,2.035577659379961,3.9183338548129174,4.549442238729691,4.285797884424928,5.686711297263018,4.958793572630911
2025-06-11 22:00:00+00:00,4.223276137334484,0.0,3.898410154969126,3.909341178659435,3.9598894537443945,4.137119689093303,4.760510153168033
2025-06-11 23:00:00+00:00,4.523637457491482,0.9044981656487991,4.542562069594886,4.089859046259781,3.899661771936624,4.242261889720745,3.6119577401892595
2025-06-12 00:00:00+00:00,4.277453099328605,0.0,4.117389768137116,4.624368936769517,3.3626073635277836,4.315436255683012,3.5649719523492758
2025-06-12 01:00:00+00:00,3.874521193749162,0.0,0.0,4.0721108058176165,4.349365391303969,7.331895591968469,4.764997775450362
2025-06-12 02:00:00+00:00,105.4262635704791,10.321078213638167,4.093459928068323,16.406352481999697,9.456403449884675,4.786283439849343,11.95988161878443
2025-06-12 03:00:00+00:00,587.416544253473,551.8597662595954,520.1852753873865,482.53535541165996,655.1034000747368,687.4557543887905,1023.8531534600303
2025-06-12 04:00:00+00:00,3752.399044493568,3088.3680565645013,3492.688508329637,3451.111163863993,4465.93017810897,4352.635418118343,5712.516707705355
2025-06-12 05:00:00+00:00,11746.916016198285,9453.836781540673,9758.978305853829,11298.314325688782,11540.392600972666,14010.04223576204,15083.755036082595
2025-06-12 06:00:00+00:00,22215.27344125604,19235.17179926499,19170.411836693333,21232.444146812613,22114.38211525443,24905.527191928544,24409.037674382256
2025-06-12 07:00:00+00:00,31467.61937823584,27585.80565558353,27752.415173518988,31078.614819021022,33399.35856685704,34187.48687006308,34179.1275683014
2025-06-12 08:00:00+00:00,36400.46874113385,32670.769288970416,33423.363987139855,36588.87047888094,38605.55500446417,40430.801944687264,40248.46415897226
2025-06-12 09:00:00+00:00,40105.672123728866,36407.87303367924,37340.28810618631,40655.15769777746,42378.739915743085,43207.759840840496,43658.59050252626
2025-06-12 10:00:00+00:00,41272.34091253101,37017.22596826857,38158.562041539495,41203.03796653654,43337.40520537082,43354.365723400515,44242.82559703669
2025-06-12 11:00:00+00:00,41393.27567107536,37095.52788965511,38186.79389693215,41251.42049514831,42375.61160786182,42457.82170706121,43010.94745762707
2025-06-12 12:00:00+00:00,40772.952014619565,36801.44348544996,37996.105243365724,40545.22048184297,40698.287828772736,41516.379805200304,42285.94482158546
2025-06-12 13:00:00+00:00,38241.7030151453,35438.647079072936,36420.45209985822,37202.44388436951,38076.7486573984,39154.02697851627,39571.92493964048
2025-06-12 14:00:00+00:00,32364.661631314517,30199.635707698355,31473.42081144654,32338.610819812657,33228.4757961136,34489.2318165441,34980.62942080323
2025-06-12 15:00:00+00:00,24577.558998255867,23424.90966902925,23998.03833963774,24065.872258453724,24877.108497592104,25822.944097399184,28229.065125741126
2025-06-12 16:00:00+00:00,15492.343615178053,14245.39637357234,14697.952126388494,15248.776135269565,15399.922732867428,17954.538480056748,20013.072432112578
2025-06-12 17:00:00+00:00,6913.841172688146,6510.521546968841,6641.272253500653,6807.9209535348455,7484.984153986385,8988.543834082206,9851.997131381633
2025-06-12 18:00:00+00:00,2131.1977616249815,1756.3949617530923,1823.4049003506932,1853.0038776807964,1991.1327348019572,2144.6833473165007,2672.792870743064
2025-06-12 19:00:00+00:00,178.87282281204855,136.87915245509663,153.5471773306659,209.54834329100976,156.83302485281934,137.2648783277626,201.59842966139433
2025-06-12 20:00:00+00:00,3.078998319073105,6.173469054570873,6.898520490258022,0.0,1.4497931581570886,6.059797832125736,3.738939913525345
2025-06-12 21:00:00+00:00,0.0,0.0,0.8747195798277468,3.280013863957029,35.21310540189963,11.667158704453872,10.486102591090747
2025-06-12 22:00:00+00:00,0.0,0.0,0.0,1.948851143537171,37.001966820928864,5.389928206101124,5.5339246706240655
2025-06-12 23:00:00+00:00,0.06417934099473514,0.0,0.0,1.8882936881997736,37.30997785318618,4.226069424972009,14.036152642502314
2025-06-13 00:00:00+00:00,14.664686214484556,1.7554171253685087,0.0,1.1007610919081652,37.5982925989564,3.0224265326990287,14.480447998907437
2025-06-13 01:00:00+00:00,4.973680761496401,0.1125608264776834,0.0,3.1644746623708944,2.911638457526621,4.122552447697355,6.033656411317077
2025-06-13 02:00:00+00:00,8.814887693311196,0.0,10.82632429376311,26.49364027326271,13.352556348033229,6.012776162491498,8.485323720832021
2025-06-13 03:00:00+00:00,561.8432478824968,550.328719071176,492.2136163856456,452.33337189528265,718.03567194641,671.3602784809788,868.7225898107691
2025-06-13 04:00:00+00:00,3714.5056307470077,3228.429132539296,3430.1927958081383,3433.991580439437,4300.653280660972,4274.239533489824,5579.174007635203
2025-06-13 05:00:00+00:00,10066.868913560362,9549.969194269866,9335.4107424381,9788.844063333794,10305.299609385736,12269.687915646928,13649.718347933105
2025-06-13 06:00:00+00:00,18750.380581212517,18367.36421454867,18020.282834164675,18621.466972404185,18631.538226157612,20392.236995867548,23307.662950201622
2025-06-13 07:00:00+00:00,27240.06123319306,26970.511691046817,27263.699482372413,27925.02777388769,28466.983707114483,30207.352806843734,31583.20808658706
2025-06-13 08:00:00+00:00,35195.401309162036,32734.02590819981,33795.62544494037,34767.74351065528,36209.108369427624,38200.34397764171,39202.44185698712
2025-06-13 09:00:00+00:00,40078.37812138594,35872.10044947162,36944.895905708014,38856.033506058535,41174.34627934815,41793.51706786149,43161.03266726128
2025-06-13 10:00:00+00:00,41752.258248829836,36945.41766277764,37782.266606179,39679.71957143795,42497.24050171629,43278.1410814379,44502.17600754956
2025-06-13 11:00:00+00:00,41015.5537579467,37108.58247595985,37918.61904530893,39840.284771354556,41125.26249302073,41522.405720565475,42378.19676327446
2025-06-13 12:00:00+00:00,39859.96839719277,37011.808793958044,37453.32338398569,38796.78420090546,39984.23745149297,39624.76477600704,40474.19196991927
2025-06-13 13:00:00+00:00,37971.08591992032,35540.18435794334,35684.41530304532,36509.558128224584,37786.38175641893,37839.10184861037,38339.16899844297
2025-06-13 14:00:00+00:00,32362.716610305488,30346.265865223402,30915.244889080637,31937.22742293503,33251.00925226634,33758.11217821732,34060.79499486274
2025-06-13 15:00:00+00:00,24811.992630391996,23883.741504566882,23573.95247874595,23669.198516764078,25425.16241626793,25733.506966494257,27891.73965050492
2025-06-13 16:00:00+00:00,15174.627237032539,14489.694205897322,14365.565037106573,14469.15116416749,15220.812317837019,17363.68914586688,19643.38788317186
2025-06-13 17:00:00+00:00,7051.648683598872,6001.879853032868,6139.55017262378,6866.050230995775,7272.040714227171,8462.992795581475,9771.928032006912
2025-06-13 18:00:00+00:00,2031.5008020814817,1794.1582174429273,1788.9776899464186,1868.4326395869227,1955.6666784293286,2058.71422825055,2614.444935099278
2025-06-13 19:00:00+00:00,215.3272168829997,134.5378316624179,181.87303344850633,202.6939940630751,216.74794016748,161.02556740219603,187.4279102754536
2025-06-13 20:00:00+00:00,7.634983464189234,0.0,3.5925195247630213,3.5587540225665597,4.996337186133413,5.843692592325524,10.588479529597427
2025-06-13 21:00:00+00:00,16.266927179498335,0.0,0.0,0.0,11.163781780320656,8.12827991482319,17.881662940818106
2025-06-13 22:00:00+00:00,4.202867289207955,0.0,0.0,0.0,38.048461906963546,29.94816535503146,11.97867632700356
2025-06-13 23:00:00+00:00,2.4800161005882106,0.0,0.0,4.565076694718046,36.311483681735226,4.415530756348866,10.547550600923902
2025-06-14 00:00:00+00:00,2.2688870060242694,1.0284428107147325,0.5692182039578826,2.0308245888107983,36.09824183469925,2.3078870942615723,20.43212549910085
2025-06-14 01:00:00+00:00,3.0256196174178345,0.0,1.3778449251866163,3.383046864387377,6.807745516830769,2.6368513380023146,2.5122432337648
2025-06-14 02:00:00+00:00,11.179118586625634,2.0541585519162004,12.931829691163333,13.05545863898427,10.988677213025444,7.224040875708462,8.132513042650745
2025-06-14 03:00:00+00:00,564.3568088349789,559.0865563662129,514.5703250919413,438.47557686314076,654.6660017707667,669.7919242936766,835.2119243532951
2025-06-14 04:00:00+00:00,3678.3226423174647,3131.959230868113,3412.6160095319474,3394.42243060832,4256.137377603556,4295.713655807714,5534.315005952064
2025-06-14 05:00:00+00:00,10143.07193564361,8991.0108825451,8953.945268614223,9532.826960443788,10260.998231552177,12308.837164136774,13400.97257068565
2025-06-14 06:00:00+00:00,18291.598999920963,16572.86012824544,17228.547869385668,17879.02761744467,18699.715154937738,20917.682912844197,22941.992287186295
2025-06-14 07:00:00+00:00,26725.595164167025,24673.9134717563,25337.084331380833,26357.80432650196,28801.7192291379,29289.274272274426,30828.134360541848
2025-06-14 08:00:00+00:00,35632.031639481225,31973.981088341414,33260.39622639312,34939.54849070976,36164.01104809874,38307.48475157842,39657.217546438944
2025-06-14 09:00:00+00:00,41119.45848890001,35576.93086137526,36554.96206051937,38675.17235126146,42661.6115968061,43595.317928861106,44325.41994091461
2025-06-14 10:00:00+00:00,41910.42523912643,36850.48873608178,37651.77515978847,39898.05145554166,42181.25837906907,43009.44925845451,44246.17837243476
2025-06-14 11:00:00+00:00,39923.412725877155,36302.82726528086,37156.4865792782,38876.24212701247,39963.83904232671,40961.11767307838,41644.76509227425
2025-06-14 12:00:00+00:00,39347.82695935497,36503.19582804077,37188.50672437234,38287.731252821424,39218.760928127005,40137.218936008154,40865.99614548206
2025-06-14 13:00:00+00:00,35093.79436454307,33533.28318858343,33572.888307351735,34341.47015179564,35831.85072596455,37107.95693837258,37226.47015470537
2025-06-14 14:00:00+00:00,28486.974221436652,27825.76967714737,27948.74749206312,27192.0146330168,29789.743204224556,31494.52602635812,31890.68791872076
2025-06-14 15:00:00+00:00,21065.69854812619,20714.39090462174,20679.558213704844,21049.74321228125,22374.80242810702,23451.43346664974,25465.082639680208
2025-06-14 16:00:00+00:00,12680.8904450286,11435.653204827266,11689.88072996039,12212.004426132318,13503.326624530113,15869.364909713113,16443.12288137278
2025-06-14 17:00:00+00:00,5919.046446956852,5040.956375968054,5152.329012266051,5429.398552032602,6411.685577664241,6842.9679368215075,7128.690620148151
2025-06-14 18:00:00+00:00,1581.3433648382327,1512.7540911170656,1567.4933154757402,1640.5812671360104,1692.271759559829,1560.8859179701983,2039.585414647104
2025-06-14 19:00:00+00:00,139.81345390948766,39.4354667407868,105.91224363215433,144.06203216305371,138.82639507942443,123.27099839826074,135.73465290100347
2025-06-14 20:00:00+00:00,8.331376583559388,0.0,0.0,4.3957741801465,3.1905348908129225,2.5190924434569797,2.3936836939109516
2025-06-14 21:00:00+00:00,12.393218369977792,0.0,0.0,0.7647414549886125,3.073749865329779,29.048154872790803,15.156176097909432
2025-06-14 22:00:00+00:00,3.150423213118254,1.3475305285346386,5.947564925328105,0.849100681647784,7.492784922241167,3.6164377147488356,10.915931489935927
2025-06-14 23:00:00+00:00,1.9163669055825814,0.0,0.03599399080636376,0.0,4.060168197384687,25.408917100517165,5.576836273182877
2025-06-15 00:00:00+00:00,2.962567219564299,0.0,3.7742200735322475,0.0,3.2089822493121463,3.8627086412549447,5.079545688062674
2025-06-15 01:00:00+00:00,2.7593922659221546,0.38466823145431667,0.0,0.0,2.937046505695341,5.8901019046804155,6.251980516406391
2025-06-15 02:00:00+00:00,7.528025928093163,7.4482157173829915,11.640676586800204,7.950457674798061,14.279458586581033,26.727004357892845,15.303956606730331
2025-06-15 03:00:00+00:00,498.0438082918327,440.06221864879416,448.61944635667726,437.7499961379023,624.0143103239985,569.912147888941,741.3723291441376
2025-06-15 04:00:00+00:00,3003.1949870870176,2649.035024358083,2745.319798572739,2781.9476143611923,3236.874349308642,3597.3935796745554,4151.772569484339
2025-06-15 05:00:00+00:00,7964.754478538412,7314.045745282486,7148.1881410961205,7387.57582152301,8874.64032018107,9793.190066039995,10686.015166081812
2025-06-15 06:00:00+00:00,14659.936953341305,13713.851285289596,13546.180124820088,13864.210677773548,15565.483175158968,17598.70050040962,19446.00655583583
2025-06-15 07:00:00+00:00,21675.15380050814,19417.128189343646,19823.177813002683,20915.385889253386,23812.36437512932,25127.783828221214,26905.05717475406
2025-06-15 08:00:00+00:00,27271.483334531553,23111.528447987057,24312.180689834273,24853.25503481737,28875.27837778442,30503.9316372172,32243.967777036967
2025-06-15 09:00:00+00:00,32152.54175588182,27794.70943158507,27617.856422093733,29288.679034974262,33548.80219205247,34712.81681311646,35999.74398076469
2025-06-15 10:00:00+00:00,31355.166340427808,27452.55750695185,27687.948082110306,29791.050568583723,33734.948962520175,35232.70883610466,34841.86440785882
2025-06-15 11:00:00+00:00,28347.481285008827,26182.315501849214,25894.48350057482,27186.772439459604,28990.432081126684,30236.28651816014,30729.17028885246
2025-06-15 12:00:00+00:00,23534.749776108,22445.636286631157,22850.255579787136,23290.15146417589,25519.951685478565,27682.541241078427,29566.827321394205
2025-06-15 13:00:00+00:00,20058.33905793265,18835.954135883487,19527.44796447339,20189.398050803513,22744.177775775257,26986.08429292313,27096.317622516806
2025-06-15 14:00:00+00:00,16009.27974541048,14053.015843675503,14646.729386833418,15761.194909533098,18477.978786830303,20398.20335756063,22029.98870087896
2025-06-15 15:00:00+00:00,11041.958508339412,9334.471075145737,10001.04548674573,10373.406304184928,12556.639301358464,14092.566895277349,14610.666147723847
2025-06-15 16:00:00+00:00,6963.7868533051105,5937.0954738299515,5823.265414096983,6526.796908822221,7651.940726136637,7832.257897188742,8267.225010161279
2025-06-15 17:00:00+00:00,3063.3664416716088,2682.6260536417003,2549.3124202543618,2639.745567370235,3312.191383142782,3505.244794314212,3645.724302154274
2025-06-15 18:00:00+00:00,1159.909650575975,853.7064478678906,965.3567422798077,1081.3311003584051,1154.694188317888,1263.7960565403382,1543.8839766615524
2025-06-15 19:00:00+00:00,102.74986831211586,71.04332200745866,66.9754149195432,110.15817955062782,99.5646991823432,97.9246586699726,141.60223631224784
2025-06-15 20:00:00+00:00,4.431217771874083,3.9596517084038707,2.6676042347379085,2.4759640876945452,10.094003038745708,12.749719405000528,14.061793083515152
2025-06-15 21:00:00+00:00,9.127029149675964,0.0,3.352309028543997,1.500602128273324,4.505780778515244,5.966715064706206,5.841423687517864
2025-06-15 22:00:00+00:00,3.3841981011073217,0.0,2.5677285313673575,2.27591028639225,2.625364824892972,6.018651980570487,3.5980804256361876
2025-06-15 23:00:00+00:00,1.2589364849446039,0.0,2.4163320365492185,0.0,1.92389214910204,3.2778357474406685,2.9867165184950424
2025-06-16 00:00:00+00:00,1.3772226162832863,2.0034708854610566,1.6049320821474886,2.1458536521577876,12.433678396496838,2.6739891765567165,3.028029718570298
2025-06-16 01:00:00+00:00,2.6376788585714177,1.9819030294472322,1.8171558301636026,2.7384257707109576,12.773201499478773,2.6386968793267136,3.1486619034450665
2025-06-16 02:00:00+00:00,7.717428799037863,8.975055922432961,6.24829585294226,7.434870655502165,7.625424234832148,10.859331197105627,7.933938116235212
2025-06-16 03:00:00+00:00,377.97336250323684,220.0085628746933,258.20898573812036,277.00106157064454,400.81167802344953,402.54705828158416,373.765538106699
2025-06-16 04:00:00+00:00,2238.712832847437,1765.343646101768,2134.303061608483,2056.988150525784,2469.6168156615418,2544.22142888328,2655.2199817855785
2025-06-16 05:00:00+00:00,6865.217482735755,5220.990854350794,5472.958007091035,5751.7666345567595,7369.835381626627,7731.416401743118,7679.991296071393
2025-06-16 06:00:00+00:00,12060.667105164395,9439.719306532988,10156.793749125796,11112.665100532055,13863.273103870162,15525.89575440858,16177.598719803595
2025-06-16 07:00:00+00:00,19129.592152608682,13981.249527634982,14870.454267288178,16488.246238892854,19753.876048662227,21859.839484975862,22870.148832246672
2025-06-16 08:00:00+00:00,23750.06712321013,18672.484530304497,19524.962470478087,19743.16316664195,25312.146841029004,27638.62101830159,28299.45486226838
2025-06-16 09:00:00+00:00,27081.238820946808,21351.162214759206,22487.11322330621,23520.17018428666,29379.85261340131,30668.66028683295,32328.833381563334
2025-06-16 10:00:00+00:00,25732.08266470021,21663.896087117297,22500.712266964256,23700.796228787065,28040.928028858558,31139.600871001072,31649.144163179593
2025-06-16 11:00:00+00:00,24382.36828940778,21930.430950125232,22052.25403880209,23235.56160603592,27495.464302019882,28838.81959290346,30328.730556817332
2025-06-16 12:00:00+00:00,21994.711098318614,19354.348426513377,19874.385236092672,20507.22655931623,25289.572887284514,26213.885595261607,27280.17159018763
2025-06-16 13:00:00+00:00,20681.294922722707,17872.222062721703,19102.99908841995,20069.57272202904,24047.206038114025,25419.51808841896,25316.494076370393
2025-06-16 14:00:00+00:00,18611.364206540326,15458.700534987873,16191.202475476333,17199.071538570435,19887.1722255237,22115.04578717166,22815.6482574244
2025-06-16 15:00:00+00:00,13689.365897628863,11349.950141040335,12477.049849830788,12861.81638400585,15447.97589422447,17577.791502375545,17786.04024590399
2025-06-16 16:00:00+00:00,9147.766957862512,7860.308752515104,7972.4140217669155,8311.758922015093,10309.009508964135,11325.798378885253,11698.63654751413
2025-06-16 17:00:00+00:00,5218.480348867729,4152.481564114716,4216.159003617073,4538.399885810548,5726.380525851167,5965.541669757092,7060.968456745104
2025-06-16 18:00:00+00:00,1701.6437208389289,1472.5367718907562,1587.2015437389932,1621.896414280838,1985.968749413825,1985.6297174862407,1988.08238846186
2025-06-16 19:00:00+00:00,170.62583622095255,116.48911098994085,128.06350998574143,142.23050304219737,194.3869225412631,216.13470162576613,172.93530440606557
2025-06-16 20:00:00+00:00,6.727490941849552,1.8267259629575026,0.0,5.999461318794994,5.813587791551966,21.340060351853353,13.057201542309981
2025-06-16 21:00:00+00:00,3.5516980435676686,3.0924158263686783,3.615961112148301,3.2691646258169498,4.424740320376051,5.159792633000422,4.708452579702388
2025-06-16 22:00:00+00:00,3.252216917550743,2.435492560891956,2.8486728144656044,1.5770334723564503,4.022381779085876,4.909630210125642,4.605476704588445
2025-06-16 23:00:00+00:00,2.9817507586741936,0.45022572814704703,2.7270032773520425,2.854625175167091,3.5416975223281892,3.9364578431488724,19.126574120967945
2025-06-17 00:00:00+00:00,3.0017901107499876,0.0,2.8337119421936663,3.010802886851771,3.314453441454221,4.4872274311594715,3.807970507454612
2025-06-17 01:00:00+00:00,2.8724189693195616,3.00756141386121,3.107044395023901,3.154935090120002,3.650039539944052,3.790866558824242,3.7621383837036255
2025-06-17 02:00:00+00:00,10.934260426118252,11.83816719459507,9.499625837893955,11.546069223623741,15.630034419134885,12.436754248715019,18.48408729655227
2025-06-17 03:00:00+00:00,574.3577236980925,460.37070860776737,470.02017321376405,451.28387833268135,661.2680858826519,888.2763656536403,786.9272888497397
2025-06-17 04:00:00+00:00,3607.8315668345645,3089.2425219536,3254.6943753254927,3405.0521937528088,3640.6386189717646,3888.449674268251,4314.172812874418
2025-06-17 05:00:00+00:00,9304.919061138262,8699.041744399787,8839.272963486399,9167.20545162721,9642.213481902518,11905.73037496419,13601.738493830297
2025-06-17 06:00:00+00:00,17510.909346534627,15537.36414283917,15913.265244094524,16229.23556465956,19534.65635233782,21635.609240210597,21749.224441646697
2025-06-17 07:00:00+00:00,26278.76448903279,23033.70553066768,23893.11028285263,25254.059447773878,29192.653649422966,29795.785731899752,30418.42164988738
2025-06-17 08:00:00+00:00,32192.596920652173,27275.329823773798,28941.140967535932,31092.520399818037,34567.48109628782,36659.064127884885,37301.11154567781
2025-06-17 09:00:00+00:00,33303.90024057159,31089.676218425935,32045.565569809944,32651.1126777095,35893.77820443059,38096.15864249851,39472.33297867189
2025-06-17 10:00:00+00:00,35129.38296079418,32794.47990288691,33452.05731266743,34303.949265948424,37039.55288440917,40540.72745066104,40588.74284545205
2025-06-17 11:00:00+00:00,35223.521598782325,32746.28603477026,34427.888909121895,34948.87379799216,37807.45335336315,40975.50004976243,40287.653963120814
2025-06-17 12:00:00+00:00,34083.38519884942,32344.132922378998,33481.04942261226,33795.22368518291,37518.23614268934,39670.52099599651,40245.382175092294
2025-06-17 13:00:00+00:00,32914.45416913261,29900.905559797757,30406.731589581013,30693.684647288883,35272.98375673399,36876.49456883701,37500.894405553205
2025-06-17 14:00:00+00:00,28331.55524476493,25951.68667644704,26149.899537687,27256.914493360633,30766.390889386064,32927.04388281108,31984.70115351569
2025-06-17 15:00:00+00:00,21733.80123383447,19563.204758276184,19316.46857311292,19516.706114099474,23875.36271283389,24897.86791230909,26393.329289859288
2025-06-17 16:00:00+00:00,13584.583436787276,11873.158403983543,12136.604405602506,12120.135468567936,14372.885166985945,15914.986690252306,16826.756746227522
2025-06-17 17:00:00+00:00,5512.192043590991,4914.6640466095,5027.861021249443,5105.996466686276,6788.869624815331,7903.254282877404,8287.699060154815
2025-06-17 18:00:00+00:00,1959.683933081403,1755.2423459983197,1750.954347624888,1941.4743226774006,2111.0790405825196,1976.021125458497,2257.9647182329513
2025-06-17 19:00:00+00:00,202.58100847023442,137.13898642091092,136.93243854032733,112.50343227879478,172.6788405464084,202.97522629094476,260.5664724487767
2025-06-17 20:00:00+00:00,0.0,6.321337228942912,7.093858497678018,3.6314959785590175,9.020471088650492,25.47874492111979,50.775751406072935
2025-06-17 21:00:00+00:00,2.9413133249245424,3.3155138796559527,3.7373836940850165,3.9659962862988682,3.9281390156574334,5.358337901628164,20.7762093304334
2025-06-17 22:00:00+00:00,5.128608735616508,3.270484742079944,2.8065081299139565,3.6673605794353876,3.7438748993799984,8.102320157386607,6.559329558009229
2025-06-17 23:00:00+00:00,3.712029653999151,0.0,2.9129381118564384,3.4910137020370002,5.331331160331597,4.526667606312071,10.010196127806967
2025-06-18 00:00:00+00:00,3.3602397754017335,0.0,2.52035389010183,1.605936389340634,3.5059401805963932,4.2703977238127155,3.423826782000408
2025-06-18 01:00:00+00:00,3.4389354831301286,1.1647355589861839,2.9560838088746175,3.0679767362434225,3.703055517660276,3.581873162637464,3.790189853019103
2025-06-18 02:00:00+00:00,10.051733011342193,9.200657779482798,10.435226241808733,7.908768549790814,13.256201347531224,14.217429493719163,11.95686672027831
2025-06-18 03:00:00+00:00,568.4564237978831,432.39223972340574,486.1702824750201,499.10756906053814,583.3867524191019,591.5741272191744,726.702811324352
2025-06-18 04:00:00+00:00,3058.953919229492,2727.385735934957,2821.533390905707,2810.74346483361,3467.5531999800987,3738.3156618008347,4011.91013124746
2025-06-18 05:00:00+00:00,8491.803994949969,7352.279298959254,7507.403162020541,8073.463339551183,8805.45005709822,10136.481786959157,10575.86233359212
2025-06-18 06:00:00+00:00,17674.098094980625,15144.970508445593,16007.485133086166,16082.119586845363,19519.115216381528,20527.486865475137,21270.18381152497
2025-06-18 07:00:00+00:00,24652.081111365384,22222.112132688682,23354.843228261205,24535.59360335172,27160.14168296899,29222.679458608054,30575.24410922321
2025-06-18 08:00:00+00:00,28741.90667303215,27308.117640153047,27787.223094208144,29130.143127801013,30370.682580101762,33389.38188192738,33719.25971934187
2025-06-18 09:00:00+00:00,29339.805590589425,29608.13380712442,29196.685710018388,29691.824039107327,31321.728057587876,34326.81376988965,35120.57147074179
2025-06-18 10:00:00+00:00,30886.206341613648,29586.482138469477,29610.62614139493,30580.52196264195,32507.211950272733,35036.441418643415,34385.0568585047
2025-06-18 11:00:00+00:00,29148.7327331469,28083.637016407763,28489.324193456876,29193.722176641026,30755.469663228523,32270.75618563185,31863.963687422613
2025-06-18 12:00:00+00:00,26105.260642114332,24874.266876375106,25478.333907499702,26720.18160038212,28039.653453194187,29802.664897171737,29743.2109050244
2025-06-18 13:00:00+00:00,26844.389465003136,25118.494336960506,25383.23502600942,27144.48462982426,29034.219853879073,29826.20303667799,29121.792985466578
2025-06-18 14:00:00+00:00,25191.035190832154,21720.78677374879,22517.65957085725,23569.35567621245,26583.53683289921,28358.058439397177,29136.107580719465
2025-06-18 15:00:00+00:00,20910.323595961916,17778.366845556266,18184.611010125805,18932.801759807437,22810.239689176313,22936.917590348865,24608.544715755274
2025-06-18 16:00:00+00:00,12990.709921064166,10710.612389321876,10793.400571392038,11898.650317911497,13430.373801992902,14226.057039475809,14784.406194827905
2025-06-18 17:00:00+00:00,5867.775566789532,5057.348233058565,5176.898672480961,5282.207250704433,6569.263916780278,7720.924657250975,7662.385193402304
2025-06-18 18:00:00+00:00,1645.0480278854866,1523.177480225833,1546.0061947503782,1658.2752125341235,2121.4584042651495,2007.8628404721997,2237.6101564858604
2025-06-18 19:00:00+00:00,149.31064343163226,107.36056912462938,113.38812981895123,152.99082843475045,160.8654226980521,226.39823416466209,156.3799178683545
2025-06-18 20:00:00+00:00,12.04521752859898,4.4496094533767385,4.036059109734051,6.345425707978126,15.293729121009658,8.514971299904259,11.287489361734465
2025-06-18 21:00:00+00:00,4.438648302586207,0.0,0.0,0.0,7.655647437261377,17.423323902708646,7.795375789893631
2025-06-18 22:00:00+00:00,4.123070935212855,0.6117455466634969,3.5515508815896326,3.2963054048333036,6.887994613497077,4.422571823967691,5.924158700572518
2025-06-18 23:00:00+00:00,3.0577258185115377,2.576628038646114,0.0,2.5088608860071133,3.478688238452459,11.368011158615253,3.4329444887771365
2025-06-19 00:00:00+00:00,2.2435979313850054,0.0,0.0,0.0,2.9489888523870804,3.316351684403454,3.847210999247892
2025-06-19 01:00:00+00:00,0.47388431559540506,0.0,0.0,0.0,2.740406323277753,3.0067371538753074,3.131240167482065
2025-06-19 02:00:00+00:00,8.733039528922667,10.54618975685358,5.270436843858072,10.116957729037015,13.059168308418792,12.710918458754174,13.81124565443647
2025-06-19 03:00:00+00:00,459.3374952869891,430.5597399376012,462.5398328761997,436.888628797588,564.1899980514547,634.2717389210429,804.442569716705
2025-06-19 04:00:00+00:00,3129.0277745910207,2617.2173900445014,2719.825801436169,2664.087205557942,3398.805028707627,3610.5534851233983,4067.3214301401836
2025-06-19 05:00:00+00:00,8758.884988602029,7910.7603060489055,8069.749204927071,8276.66039601534,9567.985160798778,10966.615907458785,11754.257990365692
2025-06-19 06:00:00+00:00,18110.33423016021,15795.595360257046,16342.292380120563,17930.53706708252,18606.026455400024,20901.2812395736,21310.393353195508
2025-06-19 07:00:00+00:00,27206.166737709857,24290.259623776557,24807.487730871653,25609.653927169995,28493.01386653346,29356.90196738483,30817.247549190783
2025-06-19 08:00:00+00:00,33310.68661022626,30246.299093698264,31151.45434942938,32992.71806293001,35655.662356674475,36904.55504799868,37112.10720985469
2025-06-19 09:00:00+00:00,37380.91496558531,34552.82388572895,35463.83383225534,36122.09945641803,39475.299640153935,41236.786173831235,41146.91672380686
2025-06-19 10:00:00+00:00,37605.700289872,35841.083354111215,36177.98890642063,36254.49668957525,40186.83331086406,41200.47597635052,41271.665580238565
2025-06-19 11:00:00+00:00,37524.17369232438,35805.043085485355,36257.438117540645,36541.06664148283,38980.24364501646,39055.03376917945,39844.89459336162
2025-06-19 12:00:00+00:00,33400.10796463404,31955.73803460643,33107.58212833476,33380.50503231621,34557.29451485157,34709.23885348643,34913.3800802128
2025-06-19 13:00:00+00:00,31077.84741371326,30023.193204808485,31028.31503194056,31324.004246470544,32775.06060135771,33942.17681456055,33695.56620716799
2025-06-19 14:00:00+00:00,28200.629292205886,26353.706065375234,27660.939278892132,28297.84888384828,29348.53223772994,30649.753927230264,31868.88608939984
2025-06-19 15:00:00+00:00,22338.065389510542,20840.375014751975,21499.371593939675,21927.919062193403,23587.027959207455,24777.358071290422,26606.91824598505
2025-06-19 16:00:00+00:00,15355.047793044852,13044.249122564308,13943.08342654397,14864.954150861964,16400.08183327823,18610.191846216287,18749.29366062502
2025-06-19 17:00:00+00:00,7817.283916184222,7014.555693832427,6602.943191045608,7084.963669436199,7879.826269561671,9187.5891488805,10204.966662850105
2025-06-19 18:00:00+00:00,2136.98075436204,1897.7269707405742,1868.9115887603455,2065.106358856906,2306.6362618397393,2303.5943253267137,2914.926932738751
2025-06-19 19:00:00+00:00,491.4662617622778,228.52774288768893,150.7504178498983,192.38762904130854,212.88856456512,210.36611425873116,343.4026326872196
2025-06-19 20:00:00+00:00,16.302727670769276,0.0,0.0,12.694624444081072,2.9558911363356755,1.1267286847515068,8.775818903519545
2025-06-19 21:00:00+00:00,2.0383080603599706,0.12689753074548474,0.0,4.272205952152961,4.178001622487719,4.480762802717488,5.657307471013935
2025-06-19 22:00:00+00:00,2.8178846679865504,4.362539320696554,0.0,2.545167640246447,3.937847451742687,3.9835479360468877,4.771948775420697
2025-06-19 23:00:00+00:00,2.5280239624196814,1.8610608377117288,0.0,2.999642395029448,4.754548468517257,3.9378990236873985,4.330303533963424
2025-06-20 00:00:00+00:00,3.0065386179568323,1.4174090082612099,0.0,3.7156977131224913,8.850968296667013,3.9338177378354646,4.097255213146087
2025-06-20 01:00:00+00:00,3.751125971620868,0.615755366477053,0.0,3.9955571763092905,3.86164019753063,3.726762842758642,4.744556208748059
2025-06-20 02:00:00+00:00,19.632612158467126,11.215642056557957,3.3024999934711494,16.269305570830287,7.67242424524847,2.0958867780395165,10.36290194781247
2025-06-20 03:00:00+00:00,524.4551389213916,561.7331356022653,518.8022504723365,425.4293698659169,636.0411661732899,631.6163192556277,883.9462867043937
2025-06-20 04:00:00+00:00,3460.15499379287,3123.6811760698733,3449.9671865191735,3245.9735132768915,4078.01969559115,4236.698466152068,5628.056729979497
2025-06-20 05:00:00+00:00,9915.011327336386,9569.344254092995,9278.532663910783,9650.2399538572,9915.86158729398,12749.184854994719,13849.137429742987
2025-06-20 06:00:00+00:00,18731.04942614691,18209.431650072587,18091.72381065702,18196.95503298363,19473.442219654866,21365.459697215465,22938.583658186355
2025-06-20 07:00:00+00:00,27291.48085943777,25717.56756483672,25317.50264905577,26432.41561958552,28689.516679991357,30288.781918747947,31086.155710238505
2025-06-20 08:00:00+00:00,32276.90890818598,31047.16637502503,31209.050951171237,31822.63916413758,34445.582222155186,37540.598975489986,38185.29471828131
2025-06-20 09:00:00+00:00,36902.7309684032,35789.792389490714,36404.393767990565,36905.22513444919,39946.32783398411,41426.09220683114,41879.57530395082
2025-06-20 10:00:00+00:00,38678.896932650896,36558.66225672999,37399.87072212314,38189.54376776711,41803.07779926894,41453.197529641846,43142.05442148636
2025-06-20 11:00:00+00:00,36942.66465699965,35945.57186045376,36374.82044340181,37326.69161070222,39637.46120316154,40322.57053223695,41679.477311582035
2025-06-20 12:00:00+00:00,37555.75495470323,36106.85032026732,36301.67104997973,37557.60915108476,38636.48521164059,40577.425324129676,41208.15362490837
2025-06-20 13:00:00+00:00,36242.2253407038,35045.8369279241,35304.34270938667,35617.45544716428,36405.72005144949,38268.50815969556,38857.131747166284
2025-06-20 14:00:00+00:00,31148.738029491935,30321.994934723243,30817.289392723942,31051.49059028482,32932.922791337405,34485.48009724246,34655.365783217436
2025-06-20 15:00:00+00:00,23901.125258059263,23684.688174074632,23847.386366367522,23756.112404194595,25363.468041748798,26547.982476181704,28150.545068387837
2025-06-20 16:00:00+00:00,15005.848365429027,14504.010802320756,14487.661114554334,15080.137014681142,15801.1390749515,18211.40154995265,20775.37463668652
2025-06-20 17:00:00+00:00,6622.355312194293,6987.903947668981,6901.5571582815,6946.944580873216,8177.364008811522,9411.556704666787,10255.186750284254
2025-06-20 18:00:00+00:00,1987.59506380841,1811.1694504892068,1785.6290957327053,1955.240522158944,2386.2743446742834,2187.298262641335,2801.002943966912
2025-06-20 19:00:00+00:00,200.5637611900423,237.5918830323463,182.25933220976856,168.11689333337503,235.98713405755888,263.6366211831558,271.3820219760787
2025-06-20 20:00:00+00:00,0.0,5.237122141443711,0.0,6.73029744947241,2.961727616208696,8.601618237785042,3.073521726635673
2025-06-20 21:00:00+00:00,4.567497809213515,0.2471434710583231,1.738556183540868,3.765940016938607,6.518484223887632,5.04159439492954,4.420729065431108
2025-06-20 22:00:00+00:00,3.415267413671117,3.965127481451053,3.6258754943301525,3.4089393877124254,16.79262539241309,4.291030276110167,3.422850205088151
2025-06-20 23:00:00+00:00,3.794172631750047,0.0,1.9693160513770738,3.6929050902775336,12.236335023244848,4.2369041072769535,3.3729505201815515
2025-06-21 00:00:00+00:00,3.1389779381433818,1.099149641380306,2.8858063096609814,3.645779699992675,3.2434183591366472,4.156523759974281,5.33992950902477
2025-06-21 01:00:00+00:00,5.245679027569903,0.0,3.810207502166769,0.4606326653975016,3.4802656474696407,20.54744294911675,3.9854699606987976
2025-06-21 02:00:00+00:00,13.195175931701158,6.784349056159928,11.506433629674973,11.763060529743466,11.670453748780663,8.001066458853748,10.139741658589836
2025-06-21 03:00:00+00:00,476.8178547572851,537.1819290836578,502.80422607678946,428.2030724879764,645.4034527957135,690.5574626452121,842.3624385910082
2025-06-21 04:00:00+00:00,3569.005978868962,3139.5353291485885,3482.138564748925,3254.977111587776,4091.635092491545,4370.500592544442,5539.875504563323
2025-06-21 05:00:00+00:00,9610.502804795926,8925.365404481909,8819.542647117885,9370.666078990942,9930.915170359598,12557.321019222196,13511.268143403599
2025-06-21 06:00:00+00:00,17810.26405070788,17879.193748830814,17922.553798288867,17918.246783725812,17933.118454619987,20678.17487051705,23422.044181493817
2025-06-21 07:00:00+00:00,25288.66157395123,25995.522146269584,26050.668175681938,25913.96425617284,25734.540175160768,28660.382514373166,30162.6475971364
2025-06-21 08:00:00+00:00,31926.31176160681,31443.624682748272,32120.214832020472,31871.58951807583,31527.056713691098,36174.563012341154,37309.053093473405
2025-06-21 09:00:00+00:00,36149.87107707301,35600.47525491783,36113.84378470331,36166.68331707281,37221.728528274354,38783.60885380205,39910.52665669219
2025-06-21 10:00:00+00:00,38061.863088465456,36581.21213892974,37252.95883626515,37741.809058891755,38741.416061065014,39767.486589854416,40197.47851358381
2025-06-21 11:00:00+00:00,38404.42958918146,36730.50954074584,37221.24449918791,37912.82717380118,39155.867954910354,39618.172452736406,40267.7011637174
2025-06-21 12:00:00+00:00,37834.30475171169,36789.81043736418,36888.056625711644,37796.9103962936,38051.778888950146,38344.809370887844,39062.22498063677
2025-06-21 13:00:00+00:00,35369.615084548976,35150.40092699132,35042.91980832494,35240.622716308455,35717.90491073361,36489.53695256861,37238.38217501862
2025-06-21 14:00:00+00:00,29783.195024335564,29521.619966992042,29389.558391811453,29418.02103225716,30065.49031101342,31403.939776425843,32346.557500662853
2025-06-21 15:00:00+00:00,22530.715799672496,22976.78512169044,22742.23194592622,21640.021271496,22823.843930965388,24424.16539429172,27283.260236327336
2025-06-21 16:00:00+00:00,13982.08796202432,13650.039422793436,13477.997734691735,13617.427360490283,14604.623202648627,16817.783300041734,20087.577413298925
2025-06-21 17:00:00+00:00,6174.478978554137,6691.230111545512,6113.654977954867,6253.556511647039,7038.493603010534,8219.573739567362,9384.364922916959
2025-06-21 18:00:00+00:00,1554.4551553436283,1715.8972500615141,1635.1054337964456,1838.537856329482,2168.3119977056563,1970.0392785092365,2594.315157912
2025-06-21 19:00:00+00:00,431.5820181728515,148.51275786111273,48.32801861681086,113.25645732794139,169.98459191449723,214.9305819688889,227.92497503954118
2025-06-21 20:00:00+00:00,55.436710384347236,0.0,0.0,0.0,15.261696944460585,1.5271175792665608,5.276682034101514
2025-06-21 21:00:00+00:00,1.4257652805053285,0.0,0.0,0.0,19.197213680093256,3.8588484576809714,5.2719073746724305
2025-06-21 22:00:00+00:00,1.755043518877578,0.0,0.0,0.0,15.256343401486975,3.943594225003217,4.7710466774613165
2025-06-21 23:00:00+00:00,2.5603326105497937,0.5282530267226007,0.0,1.2915355715858559,13.733763730609008,3.388144649419665,3.1483333197912167
2025-06-22 00:00:00+00:00,3.6762434826756345,0.0,1.519231676667249,2.9478379923600366,4.664347605930853,3.2998056746893023,3.426715727814162
2025-06-22 01:00:00+00:00,4.4835185411271885,0.47798348154187986,3.918329253924904,3.311970378483255,4.762381376179984,3.090430134467899,3.275462766283122
2025-06-22 02:00:00+00:00,9.620413898979875,2.522792460753907,6.4346648549230165,9.212816922810457,14.01183345142078,11.252038038401437,11.960781610343721
2025-06-22 03:00:00+00:00,502.18339522057573,466.9791747793834,445.4331278125718,418.3490626573836,682.289982632096,749.665706509435,815.7741312547839
2025-06-22 04:00:00+00:00,3397.6371955221343,2926.0652592498004,3180.040280376386,3230.4442935805737,3843.393295660909,4264.949354117095,5015.018907262294
2025-06-22 05:00:00+00:00,9500.212673117616,8776.887499374667,8670.319420418076,9239.333253330344,9233.82571279667,11970.710849072873,13570.393504926691
2025-06-22 06:00:00+00:00,16667.643411478475,17413.889450192753,17236.687546506986,17483.54436802183,17465.189275531968,21737.486297737043,23064.738262337505
2025-06-22 07:00:00+00:00,24524.01832913955,25268.94424584417,25236.214081171012,24997.230420530515,24629.452835704793,28668.43236936219,29999.4165280896
2025-06-22 08:00:00+00:00,30707.441979264597,31438.7409701233,31746.68935077197,31852.19241032634,30737.64416034938,34526.550911809165,36125.99781699833
2025-06-22 09:00:00+00:00,36253.250768078025,34943.78784807407,35456.41898746598,35647.02313786763,36772.25023905567,37011.14263174565,36933.82436419949
2025-06-22 10:00:00+00:00,36652.26280545417,35568.90692562858,35964.247323935706,36780.96712857999,37440.69499489444,36894.11801411849,38016.97254818985
2025-06-22 11:00:00+00:00,36876.4249628763,35570.0742286005,35522.23384249965,36713.67402341733,38326.751929441176,38051.44850714255,37733.367901107544
2025-06-22 12:00:00+00:00,35046.5901584083,34687.04086506178,34590.11926218198,35066.80110714865,34831.6229120765,35756.454097397065,35390.20441311928
2025-06-22 13:00:00+00:00,32379.403192131835,31535.502637209986,32246.738060419717,31847.216145161485,32793.60943247761,33211.390613980715,32751.230912166033
2025-06-22 14:00:00+00:00,26275.719691849597,25848.862698371744,26060.304913798824,26175.97740012952,27078.09103251137,28218.564041842914,28429.05211550891
2025-06-22 15:00:00+00:00,19632.036146594935,18651.86773779596,18844.007947900183,18538.080646086746,19039.308489211548,20944.110404316387,22804.0340139044
2025-06-22 16:00:00+00:00,11176.855722065413,11170.297573772063,10715.531760721384,10797.629443286964,12070.081751266529,13284.883127607714,13688.893446276117
2025-06-22 17:00:00+00:00,5144.449810124846,5006.836160920821,4818.793378799755,4772.373769457663,5691.408536107672,5739.645218247192,6050.4054879285895
2025-06-22 18:00:00+00:00,1423.0821547019011,1446.3497410682528,1604.602942441551,1496.9413044149537,1794.9207773864277,1378.357340539919,1805.7616177275195
2025-06-22 19:00:00+00:00,185.49145705480723,99.17868267372235,95.64728784615274,163.49146881706412,108.42622050098397,251.2029925335866,231.46449669343752
2025-06-22 20:00:00+00:00,0.0,0.0,18.811668549151005,0.0,0.0,9.630303488359198,13.421226595796433
2025-06-22 21:00:00+00:00,0.0,0.0,0.0,0.0,0.0,32.359449973937316,4.166044324111465
2025-06-22 22:00:00+00:00,0.0,0.0,0.0,0.0,0.0,0.0,39.35683881012093
2025-06-22 23:00:00+00:00,0.0,0.0,0.0,0.0,0.0,0.0,16.039792631374056
2025-06-23 00:00:00+00:00,6.280934733518568,0.0,0.0,0.0,0.0,16.90985398638502,19.914808681176854
2025-06-23 01:00:00+00:00,6.717369240805449,0.5850841214076066,0.0,0.0,1.0104699800128227,17.077680482713717,8.542759744302964
2025-06-23 02:00:00+00:00,8.091039143216664,6.55972717329206,0.0,0.0,7.279531275892876,85.20943130185422,14.45577820561549
2025-06-23 03:00:00+00:00,455.3705880985058,376.18432803206207,359.8640819234457,464.220287655672,507.48683013029216,762.5657535260192,527.6028789671029
2025-06-23 04:00:00+00:00,2205.637995840941,2109.9321811211103,2287.7325847875272,2287.281279787032,2517.907199156896,2853.786112256065,3178.7624062751956
2025-06-23 05:00:00+00:00,6073.119128398187,4816.513812272742,5287.229149267149,5798.598913412777,7163.883235095458,7768.930130966691,7841.783684111226
2025-06-23 06:00:00+00:00,14085.63937091396,11416.904220203824,12765.877467499356,13250.590723063322,16171.855805518251,17047.964184915767,17612.182830145037
2025-06-23 07:00:00+00:00,21037.934791804273,18312.547541375774,19469.627614563047,20105.694854568344,23096.7936625566,24903.350429174847,26610.118434696178
2025-06-23 08:00:00+00:00,23570.50096150065,20619.58418019687,21722.35630940695,22571.982484983688,25487.54409684289,27642.107825823376,30727.1009844784
2025-06-23 09:00:00+00:00,27060.999830618024,24544.975410365827,25080.27611174276,25856.948555615516,28473.60887287391,29012.60613859582,32050.86109433316
2025-06-23 10:00:00+00:00,25124.40802858175,24704.350349239183,25245.350350835433,26165.95212277859,25838.834618681332,27127.178869040043,29901.49925956399
2025-06-23 11:00:00+00:00,24468.94778255326,24365.39554562768,24704.918007565473,25607.834646043935,25909.69967035306,27635.485450481214,29692.363899814965
2025-06-23 12:00:00+00:00,23007.08637976969,22105.824885725135,22502.091729289332,24311.868497077914,24730.70775713639,26163.077249959206,28312.087421509437
2025-06-23 13:00:00+00:00,21460.03921693139,21055.321430721473,20991.701012439542,21543.647972131854,21654.409906202436,24550.25201207435,25697.642062880142
2025-06-23 14:00:00+00:00,18914.329198163072,17238.61363278039,17751.96935553676,18633.885472900234,19738.189259491806,22545.098750291763,22856.185639033487
2025-06-23 15:00:00+00:00,16817.09761839426,15155.806071066494,15570.02488665239,15572.001913181006,17611.2121021321,19580.555016957238,21421.10681177479
2025-06-23 16:00:00+00:00,11934.78119290312,9829.419858933043,10174.194780758195,11086.627925534553,12292.692032668023,13092.48900557011,14087.755502180327
2025-06-23 17:00:00+00:00,5406.505362479662,4847.724630816179,5058.119400498057,5147.014171457403,5896.39161036245,6576.966154507138,6683.986066675142
2025-06-23 18:00:00+00:00,1662.8997152584775,1666.763138589719,1659.4300388907855,1676.9783484738166,2099.6916122760213,2104.7361964237984,2661.360125100997
2025-06-23 19:00:00+00:00,166.59724441933665,157.50562162653924,125.21905352712999,208.9663710211612,168.3425182528673,159.91065065887386,182.59635378479467
2025-06-23 20:00:00+00:00,34.89689571021326,6.8368811836982175,6.045593988843868,0.0,45.02842381318119,12.953389138207529,7.846611137006967
2025-06-23 21:00:00+00:00,2.806207109919732,0.0,2.4782465890206926,0.0,37.35184472405547,4.9448551321809475,10.938307587779374
2025-06-23 22:00:00+00:00,2.2836106916936134,1.3033411021066839,2.8503466940257014,2.710981212010418,3.1895700743190596,2.9504037690784175,2.8064070185813046
2025-06-23 23:00:00+00:00,2.2608013139130736,0.7083204057796774,2.6238546875577913,2.919735262345104,2.5091582260349674,2.8143479942607654,2.688863395460133
2025-06-24 00:00:00+00:00,2.6050252817709922,0.26324024278958524,3.1265617997901733,2.8553766468381445,2.759629521127856,2.798493553123869,2.7032350439283097
2025-06-24 01:00:00+00:00,2.7096169028044272,2.847736263212124,3.4189211910324784,2.9644357699810326,2.723559456484519,2.963445317539252,5.197891660831067
2025-06-24 02:00:00+00:00,14.154247537104219,10.564669866152734,8.877466762692752,10.131536886024817,8.633620292096731,23.05288983947399,11.153541228907962
2025-06-24 03:00:00+00:00,495.1004796790677,449.2841721225496,498.9286239116111,467.0763797116348,530.4635144296464,483.6014654244906,625.7596774817632
2025-06-24 04:00:00+00:00,3117.789738953569,2802.60482424218,2768.4455022528095,2760.5703362028466,3480.675867038144,3552.972604959625,4136.051890848701
2025-06-24 05:00:00+00:00,8431.850418265014,7348.484014448652,7413.831934581952,7721.8705508241555,8890.802312200458,9344.010521855906,10987.46985692126
2025-06-24 06:00:00+00:00,16191.182621319902,14124.157736486346,14598.972723448267,15477.97346243699,15968.817653866727,17986.718031134205,20026.948916966314
2025-06-24 07:00:00+00:00,22054.87605773786,19483.697758653212,20284.223897184977,21150.442594475135,22071.092540391055,22953.82204047224,26024.94093765429
2025-06-24 08:00:00+00:00,24878.409864897352,21651.04912642409,23106.12100850298,23671.857901985364,25468.764390385026,25712.71582088788,29216.953462951955
2025-06-24 09:00:00+00:00,28166.18434954189,25595.414154050042,26591.30884613805,27841.36329643791,28323.180786819616,29587.90018683795,31462.550875908866
2025-06-24 10:00:00+00:00,29495.609108335386,28033.83860839342,28990.495533168516,30095.69459625233,31052.23602833584,31991.002351034313,33429.10209883383
2025-06-24 11:00:00+00:00,30985.281058353237,29079.394324878234,30028.167222727832,30697.40156072775,32080.189153207324,33983.6178332071,33316.47728333692
2025-06-24 12:00:00+00:00,30668.49485987192,28575.496219801775,29299.2959261975,30712.036736007827,31006.992735914173,32092.074820341073,32371.804877373426
2025-06-24 13:00:00+00:00,28398.56973931125,25553.88403218554,26911.254799499966,28714.519980930396,28816.937375364014,28751.951687037283,30247.01674175382
2025-06-24 14:00:00+00:00,22801.751051647545,21121.010197178526,21305.420312543003,22699.925512332356,22846.857732538476,23598.768470287494,26256.87067472309
2025-06-24 15:00:00+00:00,16401.40077714376,14442.003988995262,15716.502056076133,16315.536371797272,17243.160824329058,18727.44557317801,19599.316484114792
2025-06-24 16:00:00+00:00,10533.226725452507,8893.039432539501,9141.6509529888,9654.577037531424,10846.432644134786,10856.506367199272,11620.604273893625
2025-06-24 17:00:00+00:00,4674.037191444349,4293.989498601235,4502.122113906148,4643.024269730835,4862.185420488331,5194.640913581574,5750.628366040192
2025-06-24 18:00:00+00:00,1312.2008495567952,1281.6946841359577,1283.704924183956,1322.6858878463534,1510.8937173655836,1617.8891240023192,1995.3744440283026
2025-06-24 19:00:00+00:00,124.07155013638497,95.24110017037891,93.1968766898313,112.69823507396066,113.19064613155467,113.01165955011439,152.45679134365875
2025-06-24 20:00:00+00:00,9.308361958415988,1.9416642747770572,0.0,5.569360481473178,10.014686156391226,2.7264739798513045,22.514280058056567
2025-06-24 21:00:00+00:00,6.8138378007640545,0.0,2.9958070903493854,5.217549724896295,5.037729949909691,6.639491459456271,25.952590191421457
2025-06-24 22:00:00+00:00,3.8398022400702594,0.0,0.0,1.8913758206272748,3.9606892451323206,5.786299067163214,26.094182571329622
2025-06-24 23:00:00+00:00,4.972335006619645,1.7503349156137222,0.0,0.0,3.3308972569249797,22.72925118295128,4.3436444280224515
2025-06-25 00:00:00+00:00,3.4527544539738484,0.0,0.0,3.7294599980958143,35.569745310549195,5.468776351933824,9.253904121419017
2025-06-25 01:00:00+00:00,3.7444195016506714,0.0,0.0,4.043824102145242,36.16459493891409,5.505240386526281,13.278526216528341
2025-06-25 02:00:00+00:00,22.629742868110803,0.0,0.0,4.4439994779380125,103.97418646342607,13.792224744576874,48.124543223335344
2025-06-25 03:00:00+00:00,418.47821779965005,345.97136001104025,334.38333827028544,349.49208541497165,758.0300615537603,475.8895608808781,406.6372356886358
2025-06-25 04:00:00+00:00,2309.2146730792438,2012.12114706349,2225.4862427823164,2125.079084153441,2974.2350153066236,3148.3339414939283,3308.233254438903
2025-06-25 05:00:00+00:00,6600.738929588378,6176.264070731217,6290.376908964501,6427.308005813474,8233.823684842191,8315.164801713789,9084.467271077776
2025-06-25 06:00:00+00:00,12414.280717538335,10371.85636603898,11441.85845364591,11855.185685366981,13489.880031502726,15165.442696096881,17067.997323724045
2025-06-25 07:00:00+00:00,21222.55264727846,18112.69733723312,18756.491571967028,20172.955017614684,21979.26227471997,24176.719288576936,25705.624632549112
2025-06-25 08:00:00+00:00,28919.387068012973,25540.55145438978,26687.279889729754,27054.727137542242,30902.797417100905,31035.424049670735,32765.894643942953
2025-06-25 09:00:00+00:00,33034.342626625905,29115.745175081196,29742.798034389965,32054.484131406556,34707.08080177584,35441.83118163437,36329.80177437785
2025-06-25 10:00:00+00:00,34069.64102438295,33036.15077602374,32871.695626928755,33961.83036913076,36025.13823371541,37832.4661591646,39216.49210921717
2025-06-25 11:00:00+00:00,35108.99932811597,33195.50383758172,33039.417670726216,34402.08742196546,36144.86872690997,37752.39913552913,38829.61668032808
2025-06-25 12:00:00+00:00,34987.40277010821,32774.567611631064,33020.190438340185,34376.712481782255,36161.70240577113,36573.77782819749,37128.80428067383
2025-06-25 13:00:00+00:00,31611.214081367154,28065.016834146907,28945.778046866955,30975.16389101718,32863.6330017499,33099.89825100025,33839.465402246184
2025-06-25 14:00:00+00:00,26387.026585276904,24137.957668647516,25457.890598870035,25662.83676016691,27258.294586589516,29208.44215943748,30964.021830005782
2025-06-25 15:00:00+00:00,20861.435615967745,19772.608483190175,20000.078041207584,20846.749749782084,21997.524643621622,22778.057729134187,25133.587550468783
2025-06-25 16:00:00+00:00,13691.049602374133,12969.870051671227,13129.482022686121,13577.52555197446,14232.147954301316,15534.852418198609,16760.116409378505
2025-06-25 17:00:00+00:00,6322.089658015502,4975.39557151179,5260.874507900068,5782.866026381493,6933.11099296059,7047.034479818597,7644.113760412693
2025-06-25 18:00:00+00:00,2055.9071040102913,1629.4337025146006,1500.8264300223707,1809.4747666107446,2178.7871922899308,2182.881500983229,2724.3969103521645
2025-06-25 19:00:00+00:00,223.10163630072248,155.03726658529988,109.37541289886643,199.44562036526804,149.20553014701864,199.7003629601272,219.13239693413385
2025-06-25 20:00:00+00:00,18.828338826563915,0.0,5.761938302670318,10.779031798284917,11.192657787550607,9.422090481359028,8.77157875833404
2025-06-25 21:00:00+00:00,4.154636980010535,0.0,0.0,26.52605412951583,71.70462714400881,4.402036601618683,6.654039099082509
2025-06-25 22:00:00+00:00,2.9690925634298817,3.5494395896174895,0.0,0.4286455194695532,71.96224554798474,3.2976133626202055,11.060470960027734
2025-06-25 23:00:00+00:00,4.632997585613333,0.0,0.0,0.35372416875749285,1.7511331810135098,2.8670810375635827,10.8413977980918
2025-06-26 00:00:00+00:00,3.1595622843472393,2.792568022261081,0.0,3.500765112732922,72.54433762612598,3.6181281200888074,11.031454023999363
2025-06-26 01:00:00+00:00,3.488190027769624,0.8302934130725252,2.375681173449193,3.0540543817352526,3.134655213472513,3.2037788883383405,3.4222335567677087
2025-06-26 02:00:00+00:00,8.991838219682911,10.541112393309847,8.157638227703455,5.591151090209873,8.755187040973336,9.411387593277517,10.108338402930114
2025-06-26 03:00:00+00:00,463.58765269543017,438.7532751755432,484.4450949715271,469.152613379085,449.07000639836974,439.81271682159166,476.1908262053214
2025-06-26 04:00:00+00:00,3147.2060710819437,2622.862959916604,2759.2044470893875,2761.9618849555873,3366.86603807552,3675.848794798858,3872.286407144253
2025-06-26 05:00:00+00:00,8212.960647066324,7039.807002091744,7205.90605077686,7572.207077092526,9116.305652605222,10290.576628259176,10575.873725838419
2025-06-26 06:00:00+00:00,14781.824761908814,12591.569812069514,12938.407752480041,13756.276114297469,16463.986887249896,17914.242951964934,19593.14143640387
2025-06-26 07:00:00+00:00,21577.13779816076,18684.592043300123,18637.091826318352,19995.78290595007,23855.168616710078,25627.919480614415,27151.029432808868
2025-06-26 08:00:00+00:00,26387.453944531797,20664.236419675217,21840.953817106438,23546.809893117555,28958.77841444053,32020.99223774064,33111.12619921314
2025-06-26 09:00:00+00:00,26332.133797898157,22751.634296866843,23291.778074213114,25110.641983151363,29513.152570663242,32195.841790590475,34337.338085833304
2025-06-26 10:00:00+00:00,23368.616187403768,21007.543042781126,21071.671067704796,22023.499392384856,25016.516364146846,28042.040235515116,31351.938949495092
2025-06-26 11:00:00+00:00,25008.912839901004,23926.267747020363,23643.87126955763,23757.80231739093,26425.80392953652,27599.693928592278,29834.73475576398
2025-06-26 12:00:00+00:00,22864.333989175233,21578.3178691187,21758.786613548662,21666.182640687086,24413.41557258704,26702.151307890363,28483.357260194967
2025-06-26 13:00:00+00:00,19876.477215091407,19842.921074081765,20362.699303828886,19827.234877437848,20644.161365798962,23635.710070466997,25966.803740577892
2025-06-26 14:00:00+00:00,17149.3689201537,16856.911139621658,17509.50473332091,17769.179068323185,17534.069962811656,20653.4258421537,22431.09237301184
2025-06-26 15:00:00+00:00,14178.084812467589,11643.220088308814,12445.477074529917,12976.942000653708,14698.264811329826,17833.996141121515,18427.25789010002
2025-06-26 16:00:00+00:00,8744.544677125043,8000.651213881815,8216.193301617088,8474.829442333043,9969.011294085003,10710.099027348248,11391.045155103913
2025-06-26 17:00:00+00:00,4529.143617688865,4084.4535035519953,4099.5845909128975,4286.378815626588,4638.442867377272,4952.977359135903,5296.850560439448
2025-06-26 18:00:00+00:00,1550.1320364459714,1264.9359044385458,1479.4840691124598,1437.1734722834556,1626.1645920537421,1911.6573664792318,1918.476875666765
2025-06-26 19:00:00+00:00,181.63800107737762,123.01471409832959,142.81692919955083,174.71969821497484,189.1424941801451,167.8253459518621,213.90513738412304
2025-06-26 20:00:00+00:00,33.238274131350984,10.99665286544395,5.3176568249110625,12.552314427628982,26.673680093090038,25.157648219490195,30.187220012156942
2025-06-26 21:00:00+00:00,0.0,8.112746608458815,1.1291533535694205,12.265174431617531,7.756836661859611,21.20300446221953,5.776788763574601
2025-06-26 22:00:00+00:00,0.0,6.066654969127452,0.0,1.4240550020723484,6.283632690702713,52.80804770639946,9.690485459850532
2025-06-26 23:00:00+00:00,9.508348756255169,6.151800189897463,4.731222505727339,0.0,1.9015917496069483,11.315368764095647,1.8639233085574827
2025-06-27 00:00:00+00:00,3.8396324717811336,4.352595974619063,4.968586343944637,2.412365063997652,2.0412573576982234,4.12439665561375,8.955082904244302
2025-06-27 01:00:00+00:00,6.242755801460889,0.0,4.9012101055772685,0.0,4.120542433121511,5.1804357436360595,11.750262061391728
2025-06-27 02:00:00+00:00,24.16822477407999,8.532230873292635,5.254499843792016,0.0,8.651777716858751,63.00184344833822,33.53048307699954
2025-06-27 03:00:00+00:00,353.83725690070366,311.9344435073872,296.3567145152243,348.7990451053798,649.0261448653712,656.2958774173911,545.9694085539944
2025-06-27 04:00:00+00:00,2044.3392628381177,1779.950344137126,2076.3291758332753,1934.5160323718876,2679.171269409699,2665.9841232877743,2669.6696012501593
2025-06-27 05:00:00+00:00,5675.414224448192,4764.07443145406,5287.133143441215,5135.952031444636,7136.737418426974,7197.822576559552,7132.384788547982
2025-06-27 06:00:00+00:00,10573.648961870227,9470.728280359608,10049.754341287875,10439.531928918632,12707.13634910979,14248.453893670547,14670.723762911228
2025-06-27 07:00:00+00:00,13193.969652859247,12000.463991801294,13116.853968175694,13097.887943361025,15938.892213260388,18127.937519502237,18898.08950659754
2025-06-27 08:00:00+00:00,16335.810547325233,14038.938547659736,14351.070255235867,14448.4600857547,18233.03081776056,21633.115075497448,22621.64534609121
2025-06-27 09:00:00+00:00,16467.190593875544,14743.0801493803,14639.763847305521,15620.892407118574,18084.294590593498,20796.812747141914,21704.15879236367
2025-06-27 10:00:00+00:00,16346.905891796785,14140.718405045118,14938.130962756697,15265.043553774722,17153.77917211458,18555.211544597903,18763.976718506474
2025-06-27 11:00:00+00:00,17884.66354855067,15055.642537862104,16480.905182053586,16873.29459735723,18266.84117145058,18665.787251073754,19337.59142268669
2025-06-27 12:00:00+00:00,20332.060398704656,18074.430568504955,19461.05260807356,20396.72687542118,20749.8784485051,22126.029001274666,22457.510098500217
2025-06-27 13:00:00+00:00,20029.241521579283,19605.67909032029,20067.825480421776,19983.110205148147,21598.38339727261,22988.11760221975,24550.8157923477
2025-06-27 14:00:00+00:00,19042.881032731257,17951.49950836086,18527.292916039412,19147.605607207803,20034.540632875327,22022.841427936546,22953.93005239928
2025-06-27 15:00:00+00:00,13896.794814133753,12451.80721228976,12884.980051744176,12978.617249377621,15424.120369780612,17005.218410236677,17258.95652676959
2025-06-27 16:00:00+00:00,8863.728666889412,7617.035369842497,7650.077190876085,7999.513327690117,9014.469789275923,10039.100030875152,10954.6247052357
2025-06-27 17:00:00+00:00,4268.642975002505,3608.8429324340514,3511.2236719680477,3731.0691828411773,4621.60323526105,4975.23756194192,5548.700827203387
2025-06-27 18:00:00+00:00,1262.5160827606292,1095.6810838576894,1156.4727978185033,1239.4255851803648,1471.245255789032,1648.2385536655302,1491.6611960113335
2025-06-27 19:00:00+00:00,136.17999247400445,84.82509276394363,110.97987255261538,137.66442828187908,149.2847971792985,221.97765829139715,208.9721012245643
2025-06-27 20:00:00+00:00,3.8961709627547565,0.13949248528953292,4.89082637687089,6.7456659508269805,25.932508888754363,11.371646650113709,14.884694603308608
2025-06-27 21:00:00+00:00,3.728726710552996,2.9335004837668808,2.8730683406518924,3.041164997511493,4.546447575473277,5.537806492771766,15.007586009302713
2025-06-27 22:00:00+00:00,3.5867149817940858,0.0,0.0,3.474964823356333,3.9312757589945377,4.819541110145886,25.178364505885746
2025-06-27 23:00:00+00:00,3.184653323292086,2.8924111993027504,2.9963738501140402,2.873108511412175,3.6791297334549453,4.112805279764672,4.623481113806181
2025-06-28 00:00:00+00:00,2.9022237705114056,2.0158503219301913,0.0,2.5854971375094182,3.500055222620116,3.6805520094911213,10.652325855021981
2025-06-28 01:00:00+00:00,0.562266250721554,2.234971383158609,0.0,2.8187530368527876,3.258382751381881,3.12851166430767,4.9602411114338185
2025-06-28 02:00:00+00:00,9.289026572207195,7.374410451467099,1.1093933209033608,9.03090561627168,12.096526547784434,15.575416496704289,15.180605434926825
2025-06-28 03:00:00+00:00,457.33039150769156,370.8917635682251,387.6900543280834,408.28433518063804,461.50948730940877,433.7926644969417,569.4566007209114
2025-06-28 04:00:00+00:00,2653.678074678733,2309.7202570813924,2583.5576651879896,2728.753580318481,3180.1615104965013,3539.2969195264354,3525.0320908573563
2025-06-28 05:00:00+00:00,8840.726486993319,7010.844772781754,7329.520509078976,8044.516830720104,9565.689783280735,10587.907075730096,11921.379430368193
2025-06-28 06:00:00+00:00,16413.46205297688,13290.05548281258,14312.23659492097,15302.40666597655,17686.49543965722,18802.590842115176,19340.028409305367
2025-06-28 07:00:00+00:00,23541.035284336198,19178.31268213949,19487.530163969444,21121.350655959995,25626.355578127484,26108.46865512723,27932.3627514029
2025-06-28 08:00:00+00:00,28924.70383811358,24523.957522848927,25831.01653477746,26500.479221209713,32305.680452164546,33712.15831398713,33759.612358790546
2025-06-28 09:00:00+00:00,29796.89988386028,24528.959864108416,25877.010609407913,27336.72940345605,33482.624085812204,35037.025324374874,34755.10589571401
2025-06-28 10:00:00+00:00,29501.348779105043,24316.86436002828,25199.193912803068,25860.1665092681,31232.735149919725,32211.418657199225,33780.06491216143
2025-06-28 11:00:00+00:00,25041.58116072015,21933.26445551896,22451.726145400746,22984.09235826313,25533.62133090913,26715.383772483423,29712.85006892766
2025-06-28 12:00:00+00:00,21360.675726255526,20472.927817017564,21076.1588400229,21035.339162708817,22193.90160312997,24709.674059429515,26476.788110322446
2025-06-28 13:00:00+00:00,18499.772329427877,17672.331560606322,18890.233530437552,18835.80820414208,19085.70919786078,22035.631522704647,23647.49144062755
2025-06-28 14:00:00+00:00,16720.688299661295,15659.467594141977,15790.259834341012,16516.41589833735,17071.218553659364,20355.872351336002,21283.545136990273
2025-06-28 15:00:00+00:00,12764.32289189992,11994.640141774731,12132.909238486689,12726.90289627094,13981.15055043126,14876.863117153052,15964.477660914901
2025-06-28 16:00:00+00:00,8680.437616816103,8000.90278788194,8403.312552456078,8986.138105222057,9401.30656487377,9505.250035926785,10660.55021107164
2025-06-28 17:00:00+00:00,5341.541918337038,3884.8307073044366,4149.031151981031,4369.997599126226,5990.1542216972775,5711.780519749166,6279.988151560881
2025-06-28 18:00:00+00:00,1697.950720889385,1416.220372167922,1488.6471235549704,1668.5081802163763,2168.670915245873,1780.1059258742898,1821.2344628191265
2025-06-28 19:00:00+00:00,198.8177760981824,147.28274408866645,134.50199608434482,126.74711787063691,227.4406064446737,257.78350533493415,153.35618870992639
2025-06-28 20:00:00+00:00,0.0,0.0,0.0,0.0,19.00719459298156,23.14951292452723,7.080895297072443
2025-06-28 21:00:00+00:00,0.20065021868841357,0.0,2.232987329752249,8.693984136076217,22.19522378879169,26.261786009116936,16.235678169449404
2025-06-28 22:00:00+00:00,0.0,0.0,0.0,3.1184888831008117,5.050988315259063,9.49220819540655,10.951531165056899
2025-06-28 23:00:00+00:00,5.220927982476333,0.0,2.578635866278883,5.938103570451077,4.062495505401579,5.144832312666671,2.9960880184812413
2025-06-29 00:00:00+00:00,4.244190461954581,0.0,1.0871650667398898,4.849867517930313,4.124081901042255,3.904307617788173,4.330507996098897
2025-06-29 01:00:00+00:00,6.875208176280445,0.0,0.0,1.8866689936643848,4.854687100893145,4.912782155400234,4.224863945993602
2025-06-29 02:00:00+00:00,25.052588782818216,0.0,0.0,3.476548300178769,13.280663021964898,17.824474710380645,12.9090359114275
2025-06-29 03:00:00+00:00,504.1804607755077,358.7480431959768,361.58154909646635,481.67780329138293,543.4117913569929,699.7571894857482,720.646505118797
2025-06-29 04:00:00+00:00,3414.1077182160884,2439.4199292480694,2680.36286794886,2818.6247482829062,3473.5859289023124,3779.55028568133,3963.4437083760276
2025-06-29 05:00:00+00:00,8658.45400270755,6449.49601547814,7099.57722783242,7925.626296745621,9759.500232548893,10743.76206350313,11658.197275441933
2025-06-29 06:00:00+00:00,16349.978258327948,12835.734277700409,13662.912097530358,14823.146624460598,17712.121383791615,18728.91399400349,20238.871634746847
2025-06-29 07:00:00+00:00,23573.502145237126,20065.871477538734,20365.687880125868,22337.404996059067,26708.624856860064,27176.773354906803,28981.601406508842
2025-06-29 08:00:00+00:00,28578.858265499788,24571.241894616505,25105.169866372496,26735.5672918229,31826.029027757842,33835.820720643365,34135.3155194238
2025-06-29 09:00:00+00:00,32379.957010339735,29280.03668915289,29705.061576038846,31119.11866657631,34609.447104738574,36685.96607899117,37220.21250337037
2025-06-29 10:00:00+00:00,35575.708241215776,32258.905593335974,32639.525222412936,34479.92571091698,37048.80225575962,38871.05396745058,39216.61897916842
2025-06-29 11:00:00+00:00,36350.27668579954,33079.37833566211,33685.36770035038,34333.085849374576,37999.41349906403,38835.75292061003,38917.25460993604
2025-06-29 12:00:00+00:00,34706.31814701447,32102.992758144836,32740.4320229464,33615.86809087523,36117.03724214537,37176.03867059814,38122.93042224025
2025-06-29 13:00:00+00:00,31627.037895926584,28533.731948648092,29816.475029852514,31169.41975137821,33535.84021640446,33990.76076467964,34689.35970243651
2025-06-29 14:00:00+00:00,26969.233197765312,25054.205782826488,26250.036991553578,27063.025676209927,28242.285372139053,29554.266374282968,31778.77108879804
2025-06-29 15:00:00+00:00,21246.213139115553,19369.08013297368,20205.70413174942,20436.332187668086,21598.8620657729,22853.84586524003,25133.626205613156
2025-06-29 16:00:00+00:00,13450.489402835605,12637.46941379659,13026.978166928038,13747.593657636908,13758.24707024924,15513.954024207775,16567.033061608083
2025-06-29 17:00:00+00:00,6219.629937578079,5584.686721965454,5362.417413414292,5845.977229389274,6485.637293041031,7119.374376022019,7741.554127619489
2025-06-29 18:00:00+00:00,1988.2614454466097,1734.9163885659266,1684.1898794084266,1960.6439724885788,2066.9926788474468,1945.7271770020575,2457.5433681911686
2025-06-29 19:00:00+00:00,222.8120034082994,124.09316530405805,211.60490693346853,158.25238842302917,176.8460887319865,190.2472467882181,191.11586746286096
2025-06-29 20:00:00+00:00,6.088943668712766,0.0,2.3407886129666258,0.0,26.665146638980584,5.889153186254906,1.783435184756493
2025-06-29 21:00:00+00:00,37.06463421275275,0.0,0.0,2.3679424999186627,5.082064483593027,4.549115353851106,4.163858429531641
2025-06-29 22:00:00+00:00,4.0926084412032795,0.0,0.0,5.5755130132918795,4.932784616451249,30.66968143241889,5.596263512654299
2025-06-29 23:00:00+00:00,2.5586206941929817,0.0,0.0,0.0,2.8538289755254707,3.757397991362764,3.3151321224593477
2025-06-30 00:00:00+00:00,3.237459098308155,0.0,2.3626159139047753,2.994964025975314,6.9508049088337795,3.054356894523559,3.371873551859899
2025-06-30 01:00:00+00:00,3.1979424434124977,0.0,2.7929639700276794,0.0,3.9063116116954255,4.081419654835598,4.074070196903014
2025-06-30 02:00:00+00:00,11.741241143627898,5.925498725183997,6.763207873486603,9.067771113135642,11.466517342727604,15.862720688355418,11.126857897704456
2025-06-30 03:00:00+00:00,454.9033924006938,439.60634197380807,458.6364506870944,433.80762894719584,598.7328554036395,574.9881001345855,767.0992847324999
2025-06-30 04:00:00+00:00,3350.4660312334754,2671.813439444908,2948.6287095385255,2967.0372246091943,3338.4764523292924,3592.2784205700823,4623.42093025374
2025-06-30 05:00:00+00:00,9412.442582579395,8490.878163208605,8720.195457152155,9044.239479674758,9862.114173365057,12203.571731758608,13630.945372063603
2025-06-30 06:00:00+00:00,17788.76736194238,17135.834800314595,16821.247830271175,17410.573497393125,19030.70801796762,21110.024698706533,22952.746237316744
2025-06-30 07:00:00+00:00,26927.365926456598,25585.09655646901,25735.23671250816,25469.68927288249,28878.638506064104,29951.116991111543,31352.810651390828
2025-06-30 08:00:00+00:00,33412.546028638295,32387.275401993887,33098.85175676099,32943.69290933573,35055.46905384019,38009.18980331536,38984.43519751486
2025-06-30 09:00:00+00:00,37899.748625735825,36010.34861334527,36220.643935852815,37127.402155731615,39531.492270628114,41373.83201235539,42068.60375579232
2025-06-30 10:00:00+00:00,39434.57935437865,36570.54102450192,37301.77310747474,38204.44294368422,39742.41342539235,41547.25251667875,42263.02666615694
2025-06-30 11:00:00+00:00,37982.239610523306,36433.89459513344,37008.450866717845,37355.810766990646,38289.86630864512,39536.59565334799,40364.25337590407
2025-06-30 12:00:00+00:00,37696.43670986874,36438.94412463404,36718.912092960425,37004.794662850516,38228.47010919101,38992.107130824894,39337.09983610142
2025-06-30 13:00:00+00:00,35335.666598647134,34802.41684031954,34986.48047490302,34673.34709579125,35687.59596771168,37142.36497127576,37588.13487355917
2025-06-30 14:00:00+00:00,30177.8696011011,29594.687519855026,29427.90107676988,29521.230954939456,31971.423571119427,32820.42829843831,32558.987581899193
2025-06-30 15:00:00+00:00,22653.496534186797,22484.499815655538,22393.2403406683,22170.854210151538,24680.08426581723,23851.707629729055,26206.5887775368
2025-06-30 16:00:00+00:00,14699.971301518672,14245.572147524335,14598.166263158795,14584.458391497137,15376.056363408108,16397.125267705578,18488.309425835516
2025-06-30 17:00:00+00:00,6449.558774699348,6307.676335168909,6259.902997814623,6143.440894656311,6255.4160306974445,7407.001929428964,8238.135416102668
2025-06-30 18:00:00+00:00,1843.5913921682763,1566.4097657925547,1644.7227270528492,1813.4645193616896,1910.8962793565927,1990.017667652554,2458.5891475953754
2025-06-30 19:00:00+00:00,167.48301307109654,61.11823708586828,144.69425778420663,175.8264735931743,173.79864231638916,237.5031957862999,304.2041648141218
2025-06-30 20:00:00+00:00,0.0,7.895452843287915,2.3991153757425514,3.6102601550247106,1.435932581635478,5.754814433862572,5.975827229122905
2025-06-30 21:00:00+00:00,3.371673817767449,0.0,5.2630676014090465,3.538198492726258,37.00230105824143,3.47624453417626,4.054068358546231
2025-06-30 22:00:00+00:00,3.5751529156812265,2.428725323759088,1.6052127244261505,0.0,2.377865314181405,4.684565127871069,2.4075696617398346
2025-06-30 23:00:00+00:00,2.4914265364189023,0.0,3.049633996213989,0.0,2.8268710283935485,3.476439004903056,6.050999720490397
