DateTime,power,power_q5,power_q10,power_q25,power_q75,power_q90,power_q95
2025-06-01 00:00:00+00:00,19612.206687093883,18020.142839784705,29599.555282204645,22907.589004508543,24272.891941050697,32218.622887330785,33594.24202047746
2025-06-01 01:00:00+00:00,19559.0643746078,18101.361939556467,29594.421184013005,22825.579721732232,24266.60506251629,32225.45091407163,33453.916996392516
2025-06-01 02:00:00+00:00,19584.410465378314,18153.400499426472,29663.35095341372,22831.1260019271,24138.262590749724,32226.051663103728,33451.28990368136
2025-06-01 03:00:00+00:00,22293.496462517203,18374.146309172607,29947.777959549076,23162.72112424936,24445.134546588448,32222.873385218005,33451.95797870893
2025-06-01 04:00:00+00:00,24966.022411134385,19460.587574147492,30678.652867367568,24574.29546074482,24924.127345943685,32429.691235084356,34060.816006539084
2025-06-01 05:00:00+00:00,28234.92907021243,21340.541352004515,32515.013115421974,27452.50326758219,25837.508459668967,33750.87342466975,36223.77851276437
2025-06-01 06:00:00+00:00,31645.57316917295,23379.439392547167,34444.74903752394,30487.874776363544,32566.46643851828,34836.23688583853,38486.677449394614
2025-06-01 07:00:00+00:00,35833.00589451747,25116.027196856718,36398.81046100682,35113.21793179512,36117.73327492109,36022.47436872221,39650.479832770405
2025-06-01 08:00:00+00:00,38703.32161143502,26321.941707186543,37265.36928040404,39399.59300904247,38738.2798441194,39188.12141112907,40151.664221595696
2025-06-01 09:00:00+00:00,39259.966771096166,27060.500362678857,38135.168683775664,39970.75282875643,39573.923098765605,39787.66258463812,40316.88090814155
2025-06-01 10:00:00+00:00,40293.46514137303,27534.188395291792,39048.545824323366,40943.96840613905,40789.3164810863,41004.33782794995,41265.961982619214
2025-06-01 11:00:00+00:00,40253.90227441029,27562.265308874663,39074.88207168503,40966.92755535494,40773.47363234059,40947.88610898563,41213.9990782314
2025-06-01 12:00:00+00:00,40273.65258360625,27544.79868126377,39008.27156543685,40867.715641943265,40760.695090814086,41003.136148222984,41308.3836635238
2025-06-01 13:00:00+00:00,39936.292523987264,27232.980365187308,38453.8496064109,40458.39802164768,40413.71421814872,40159.794808769446,40887.825275727635
2025-06-01 14:00:00+00:00,37652.14625591364,26395.670017135155,37270.287031323845,38836.74390353049,37737.12402530307,36945.35037210123,40248.99782288248
2025-06-01 15:00:00+00:00,32510.593900566142,24117.30214380101,35220.70553220329,32215.175026598987,33106.98326943558,35901.657812496094,39303.44895444454
2025-06-01 16:00:00+00:00,29252.63036769142,21987.41801834008,33087.846526359484,28137.776389086474,27473.353944984236,35197.61349641694,37641.546135788776
2025-06-01 17:00:00+00:00,26270.634041586352,20366.508376366142,31821.870960113378,25629.692209355268,25671.860026537714,33792.18306379182,35765.08062734711
2025-06-01 18:00:00+00:00,23774.361898104286,19084.247671655095,30570.89568472817,24252.74695540286,25116.81978508986,32584.08244276096,35275.028900606856
2025-06-01 19:00:00+00:00,19871.935779189364,18328.88036780909,29879.944301915468,22965.410625309254,24699.999685337294,32382.095812121483,35067.10135543661
2025-06-01 20:00:00+00:00,19900.885802379224,18180.741337107167,29587.87516545397,22934.243439961767,24677.428888813778,32335.015003644407,34170.625749291656
2025-06-01 21:00:00+00:00,19603.145296754476,18201.115583002476,29719.09836270302,22891.259602685004,24392.410954230636,32222.233544340972,33654.03702011506
2025-06-01 22:00:00+00:00,19596.987068940194,18186.138321223647,29695.508950098334,22858.904331232086,24341.341953267998,32224.091220590864,33508.5491746935
2025-06-01 23:00:00+00:00,19569.626849405086,18151.331568344274,29659.58341368439,22673.227480113925,23934.308662960684,31774.508748518132,33448.32880014747
2025-06-02 00:00:00+00:00,19571.787603573142,18009.798712201446,29640.689116984395,22659.805401624188,23933.06438474803,31624.637466293178,33444.054778414655
2025-06-02 01:00:00+00:00,19342.770533214632,18042.280534156267,29647.452093018426,22666.035907119738,23748.42720867179,31146.780763842045,33438.86110504121
2025-06-02 02:00:00+00:00,19421.0841465665,18071.59396172045,29684.720857073324,22465.808401020106,23893.069720336738,31099.44439590269,33437.981085493615
2025-06-02 03:00:00+00:00,22404.269673102077,18289.539093471853,29998.034427261682,22987.978904356114,24042.006596067073,31158.678125842056,33434.47273685394
2025-06-02 04:00:00+00:00,25578.334801684057,19483.842782906977,30777.99709688707,25018.785282108114,24641.57873091978,32015.350649410888,33949.21716987941
2025-06-02 05:00:00+00:00,28932.853604105178,21439.325380866117,32411.39993733866,27814.212666337404,27113.38360105722,33756.389510634304,35786.05550759183
2025-06-02 06:00:00+00:00,31153.037973971223,22958.454872208153,34194.80827534163,30334.50145544954,31990.325748092706,34193.29702603188,37008.942608636746
2025-06-02 07:00:00+00:00,36326.011878676334,25131.48088321324,36485.01991430069,35842.13088700193,36933.290305972245,35923.2756468708,39455.070736090725
2025-06-02 08:00:00+00:00,37728.72067527925,26118.386874970296,37113.06322742623,38457.05228816661,37969.64000986949,37049.611492656135,40142.736456110615
2025-06-02 09:00:00+00:00,38744.81996820882,26569.641202504263,37533.720233893975,39444.56111319818,38932.70121077914,39186.15391359384,40186.59500593298
2025-06-02 10:00:00+00:00,39439.00103881252,26961.29788059464,38255.940313901636,40004.735338987186,39569.46466474782,39645.782307337344,40226.15273480606
2025-06-02 11:00:00+00:00,39402.56038156397,26974.137452374714,38337.117718086956,39962.85949994927,39581.02052378033,39696.721930913685,40244.13640064564
2025-06-02 12:00:00+00:00,39920.58300588058,27200.423377937248,38490.846507002156,40431.603427994305,40445.92633472405,40180.78353059618,40847.59639345184
2025-06-02 13:00:00+00:00,39113.230021078234,26970.978876219007,38008.95231285089,39737.76509760341,39444.672694830246,39261.49581589147,40237.521219045906
2025-06-02 14:00:00+00:00,37776.782811143334,26487.639766551492,37375.32624073065,38577.80382785699,37925.25714846192,37039.05993056034,40171.361164657006
2025-06-02 15:00:00+00:00,33589.009421511044,24526.26455270359,35548.795787283154,33029.487111258604,34505.87697220999,36269.61169810139,39511.86441977496
2025-06-02 16:00:00+00:00,30412.70405536827,22901.502992699905,34147.50581859665,29396.044693322765,32112.830995667187,35522.053638031626,37828.553979507764
2025-06-02 17:00:00+00:00,26693.201309915705,20671.341901651555,32055.25073695588,26099.707748191908,26032.432637063837,33999.851627892276,35906.948945890625
2025-06-02 18:00:00+00:00,23878.434537194065,19069.79525633574,30709.03016247954,24291.58374533658,25363.293107318845,32659.942253518875,34894.05452129375
2025-06-02 19:00:00+00:00,19803.257569137964,18260.97405501448,29909.625987052674,23090.780564645087,24607.57312812301,32104.657906054694,33430.78019348176
2025-06-02 20:00:00+00:00,19730.395245313608,18170.803910177812,29690.86425337939,22729.03374734583,24125.381912736975,31457.345129861274,33480.85609919766
2025-06-02 21:00:00+00:00,19615.98498720683,18079.975682230324,29723.559538065805,22727.53084731426,24011.928799789996,31681.28589461923,33433.40341723383
2025-06-02 22:00:00+00:00,19428.539839194324,18035.49019044522,29641.96278160082,22468.64274900242,23902.912744043588,31278.56188275497,33465.31613545135
2025-06-02 23:00:00+00:00,19293.93875008967,17978.76130691083,29615.22356356492,22337.142036707064,23801.328276230182,30366.653475290834,33363.609490221934
2025-06-03 00:00:00+00:00,19288.81789442464,17854.116632299883,29584.21422613059,22311.85285123235,23796.25367074153,30357.703610040717,33348.01189933898
2025-06-03 01:00:00+00:00,19292.520417156888,17944.354815257222,29590.232739702205,22231.553317758928,23795.67414261917,30417.936382729556,33341.539059888906
2025-06-03 02:00:00+00:00,19350.527688546154,18035.155741821,29659.29532479431,22268.513556305992,23795.807616608003,30436.958708087623,33343.275083116634
2025-06-03 03:00:00+00:00,22038.102804729406,18194.540600863987,30035.17659634254,22799.493880859896,23957.95100750323,30451.00211492553,33385.42197686268
2025-06-03 04:00:00+00:00,25530.20833461103,20059.249771817023,31203.315715767807,24835.347168193646,24595.390549072286,30927.467659861155,34067.862585599825
2025-06-03 05:00:00+00:00,30741.396574891125,22349.91639299646,33820.445599223196,29711.815971942076,30810.253954018885,33218.43728332164,36063.43775239145
2025-06-03 06:00:00+00:00,35590.02521481607,24804.259404364664,36213.78823098768,35018.66961456383,35855.11719660749,35119.72047125653,38130.31829723766
2025-06-03 07:00:00+00:00,39053.914020825396,26695.076116839777,37881.826465571576,39814.83851531621,39560.11347762334,39105.525134705436,40149.72278263548
2025-06-03 08:00:00+00:00,40423.11886860903,27293.02018435723,39135.87874321323,41082.29043753755,40933.680463452336,41082.34282229092,41083.171032387574
2025-06-03 09:00:00+00:00,40545.46486950996,27360.19709122098,39355.46756964634,41197.244591815645,41043.87428765075,41413.29741695824,41144.22815694346
2025-06-03 10:00:00+00:00,40541.01636533222,27490.721810770017,39445.48281072989,41111.91219999162,41005.73316671613,41011.56195136972,41276.961015669505
2025-06-03 11:00:00+00:00,40270.51476571908,27546.097681366376,39140.83035924779,40991.80457345789,40812.74999271259,40989.99042073878,41261.339378810146
2025-06-03 12:00:00+00:00,40087.62660966524,27524.410284619145,39074.20185013395,40799.93782715224,40658.23473693737,40677.29793331489,41070.54092813803
2025-06-03 13:00:00+00:00,39355.434677998164,27025.470024705643,38472.56123203229,39985.61380329986,39425.31683541981,39645.83059860703,40479.244342414095
2025-06-03 14:00:00+00:00,38943.10919406728,26736.813750085887,37825.946399097,39654.67707354086,39219.253167196934,39238.65118014091,40242.72488116124
2025-06-03 15:00:00+00:00,35593.195052074545,25261.45346381541,36519.696029219675,35195.62335709144,36070.32049969398,36175.151107885955,39752.79479834577
2025-06-03 16:00:00+00:00,31444.540377707235,23290.80993126438,34743.991920055676,30607.174664967653,32408.036030546155,35426.02677056457,38535.55477939838
2025-06-03 17:00:00+00:00,26956.063237348568,21042.98434037178,32549.799980453954,26286.79016687545,26282.774658395403,34226.85806996806,36423.90282958588
2025-06-03 18:00:00+00:00,24126.398670143855,19313.004722612237,30811.724489081334,24461.55096669092,25468.891066260243,32726.763261763692,35271.76644843336
2025-06-03 19:00:00+00:00,19969.21624911212,18241.94339139834,29999.838928602945,23112.691556018442,24700.82059593482,32414.271903473247,34960.56177519135
2025-06-03 20:00:00+00:00,19777.78667954224,18203.760622069407,29747.280466442535,23016.09601624129,24679.683271533133,32149.557747519557,33928.06419845633
2025-06-03 21:00:00+00:00,19596.114075563753,18266.348186288647,29847.5865322122,22906.764542268145,24392.236292198588,32252.16289266941,33613.45523397372
2025-06-03 22:00:00+00:00,19593.93100147411,18285.625526783122,29815.773220913707,22907.86493296972,24304.472268745285,32263.483034409885,33469.5981033963
2025-06-03 23:00:00+00:00,19561.63315107339,18248.53839110078,29831.08521620729,22789.935883306225,24301.93100336454,32253.91874830966,33397.67267682516
2025-06-04 00:00:00+00:00,19561.766522274356,18071.0504553773,29781.05336902608,22685.909193376137,24303.64857243165,32052.230096563562,33390.90645913112
2025-06-04 01:00:00+00:00,19561.761924969902,18154.6504611112,29745.224098035476,22636.03119008363,23939.94949293228,31948.436605567225,33369.612584835115
2025-06-04 02:00:00+00:00,19590.1230272665,18186.1758922084,29827.549763090105,22640.698048393388,23940.974095262216,31677.24003049285,33371.034450677194
2025-06-04 03:00:00+00:00,22567.75999872959,18406.683424019127,30180.19843241896,23169.391595657515,24097.80320506252,31823.465157248786,33401.51856791449
2025-06-04 04:00:00+00:00,26031.38831243749,19869.98833610735,31262.47440673432,25208.6485967306,25082.28793680245,32759.52218025432,34077.30177006193
2025-06-04 05:00:00+00:00,29971.289438713422,22240.48649922332,33650.646943244414,28591.704716206546,30990.146301775745,34241.74074582214,36448.81220588185
2025-06-04 06:00:00+00:00,35467.689372361645,24867.37671764191,36069.99069754231,34712.14299674294,35563.502503002484,35304.22275424942,39562.6511407372
2025-06-04 07:00:00+00:00,38546.36089417777,26285.41336932202,37259.82321435716,39128.1419119013,38581.596949328356,38212.99453056805,40106.62882432565
2025-06-04 08:00:00+00:00,39224.64267408894,26805.910097554155,38040.995916685555,40029.00495177954,39366.40858238131,39636.59401530853,40194.84784069898
2025-06-04 09:00:00+00:00,40009.61389817005,27297.28527233883,38998.95341731676,40567.03216967082,40452.42658380651,40208.619152456435,41027.90652263679
2025-06-04 10:00:00+00:00,39555.32291046314,27244.951088440917,38468.96151140544,40402.793540036706,39731.4195812576,39794.80080099286,40878.6436317716
2025-06-04 11:00:00+00:00,39431.68601106775,27241.188856724508,38360.53884850669,39985.43575037783,39809.91957992068,39775.029041014874,40705.746377905954
2025-06-04 12:00:00+00:00,38970.46189688855,27018.41259386852,38019.622701243214,39679.387325672105,39368.056084854674,39523.534399166005,40359.9033994208
2025-06-04 13:00:00+00:00,37638.11734380391,26464.232900392097,37275.26811343931,38804.47174777266,37899.07556961934,36955.902652983845,40244.92355804246
2025-06-04 14:00:00+00:00,35742.585877724356,25411.848133985066,36515.69927767264,35117.95875021364,36042.564971897125,36150.8045382206,39756.09520008082
2025-06-04 15:00:00+00:00,32076.447119510616,23862.849812010027,34744.87571036966,30951.64163141596,33231.780767448654,35664.86870159665,39026.70863997355
2025-06-04 16:00:00+00:00,29279.685224490855,22031.18760640085,33070.12407450841,28136.994630455443,27648.473296685057,35202.638292034724,37516.0051531697
2025-06-04 17:00:00+00:00,26541.610377424997,20364.15669015397,31793.00073688226,25630.15546510937,25783.056185918223,33873.93585045862,35821.04367864035
2025-06-04 18:00:00+00:00,23215.991205901526,18887.73575182614,30424.082959920965,23941.268162983495,25090.73890855418,32467.4682675654,35272.920877883895
2025-06-04 19:00:00+00:00,19868.460786308664,18217.970426616976,29763.1548734529,22960.15937618937,24699.4816266531,32333.169588378278,34650.59342759922
2025-06-04 20:00:00+00:00,19788.500363673527,18147.519224301355,29549.774529294653,22938.52172620559,24585.462623407464,32028.045554881555,33962.14096876776
2025-06-04 21:00:00+00:00,19603.671531823402,18199.6824891725,29619.454000378944,22828.643609882485,24393.5441081928,32224.098009002304,33657.83052756481
2025-06-04 22:00:00+00:00,19599.704731467802,18187.01557787747,29633.521143973303,22825.487527774683,24342.261901388087,32224.824818407695,33511.39845214836
2025-06-04 23:00:00+00:00,19572.36329861199,18153.757052191173,29618.70889534845,22826.6049219234,24302.354172228468,32224.588982799534,33449.11541079293
2025-06-05 00:00:00+00:00,19572.359528291272,18020.503948190075,29585.409626785782,22723.519100629986,24300.59868832825,32022.90033105343,33446.991182204394
2025-06-05 01:00:00+00:00,19571.522285790226,18161.46240709539,29643.9283205395,22679.845436161413,23932.42685958674,31774.350133221105,33441.170863747524
2025-06-05 02:00:00+00:00,19596.850408331444,18199.11596726135,29730.633634751357,22679.349883898267,23939.004612799003,31690.128274583305,33442.44849545228
2025-06-05 03:00:00+00:00,21897.32650406572,18298.41661096219,30003.734107703276,22924.06892434019,23931.445668203076,31691.108451671356,33427.30594855371
2025-06-05 04:00:00+00:00,25267.997634825417,19457.1869453716,30736.32289014714,24575.483850036224,24567.13334573186,31981.655544604007,33911.664574985494
2025-06-05 05:00:00+00:00,28746.922374373517,21533.134055901282,32523.282825660044,27836.7800972639,26970.503706944375,33935.10676809532,35776.20737356987
2025-06-05 06:00:00+00:00,32149.65207229728,23795.899889962744,35062.047023133266,32001.515750186696,32795.077993289844,34717.70401308588,37544.03087518921
2025-06-05 07:00:00+00:00,35753.35203229066,25071.60503947958,36475.23091845881,35120.8946918696,36029.80849032794,35792.60846234144,39228.37009476878
2025-06-05 08:00:00+00:00,37668.70064603262,26185.859277721098,37206.655841568194,38401.73425753874,37669.05906004245,36718.70304939829,40126.17491058326
2025-06-05 09:00:00+00:00,38912.24869379892,27007.97285145863,37789.62456991134,39741.597629589334,39160.32214667306,39062.39061644345,40213.862852085986
2025-06-05 10:00:00+00:00,39276.094574657334,27044.43137578707,38110.03250002888,39961.581189219156,39338.02137781127,39487.03121152606,40220.089697195224
2025-06-05 11:00:00+00:00,39277.91014986288,27016.387479907684,38083.39562779829,39928.9063237076,39338.49352846898,39552.74192990904,40213.41062579214
2025-06-05 12:00:00+00:00,38958.950092401974,27032.66190638,38071.582223584875,39664.602854528086,39333.14502747816,39616.3573211087,40249.580801731565
2025-06-05 13:00:00+00:00,38671.7466725009,26629.556891593063,37503.88148884202,39339.89991251735,38623.72993592721,38696.60392835854,40174.10265780645
2025-06-05 14:00:00+00:00,37009.22630697476,25768.7428381375,36852.360725653874,37522.775771147215,37070.41507911829,36175.838107479874,39931.64094160439
2025-06-05 15:00:00+00:00,34638.53080848389,24954.711676884843,36072.76657363547,34045.565996598125,35508.29080182703,36159.3169660792,39738.444965961746
2025-06-05 16:00:00+00:00,31328.148241458657,23214.59914777712,34554.071393677346,30267.47771613071,31840.372300152885,35280.03045582022,38056.17790279489
2025-06-05 17:00:00+00:00,26820.499744080385,20834.48126810114,32096.338242754224,26139.680056258847,25912.567851994696,33825.97633280193,35962.493624489616
2025-06-05 18:00:00+00:00,23512.692560992204,18907.93377684319,30507.129295921557,24073.773160167144,25119.880987695,32469.93381810598,34339.63535525731
2025-06-05 19:00:00+00:00,19555.232374908006,18302.513919398287,29843.915269770605,22980.313971477135,24420.54682688706,32040.24334328196,33494.24639884502
2025-06-05 20:00:00+00:00,19583.895820243033,18267.398669540562,29650.612894268295,22950.9573720778,24300.672133538934,32037.08113856018,33556.04510007922
2025-06-05 21:00:00+00:00,19602.430106106112,18311.76484904634,29737.656074243332,22731.643619402163,24301.585814682014,32077.610039583025,33537.346635330505
2025-06-05 22:00:00+00:00,19597.162304464935,18208.36174319767,29672.33552833428,22677.325420325018,23944.432986625914,31587.460516092964,33511.66031113937
2025-06-05 23:00:00+00:00,19373.84611364584,18124.600809551757,29575.191937948828,22672.13581991529,23822.91293413165,31582.165999466513,33455.682347279806
2025-06-06 00:00:00+00:00,19128.63398439691,17961.973842884214,29547.029254321118,22553.531542270306,23333.33878319658,31585.404153440835,33459.704098574424
2025-06-06 01:00:00+00:00,18964.994321291168,18058.694965702343,29551.129456233164,22561.091852904872,23328.480434590267,31652.278795858823,33453.13023622485
2025-06-06 02:00:00+00:00,18990.512897486646,18140.015636599644,29384.1502325309,22566.540761801403,23327.253541144415,31654.1152577526,33457.779657342435
2025-06-06 03:00:00+00:00,20876.054571828736,18233.966984451235,29465.9506842139,22712.851199277426,23602.927925425116,31654.1152577526,33457.97625305359
2025-06-06 04:00:00+00:00,22294.54241118436,18528.73126672955,29636.88638693639,23357.669697776586,24184.783711094202,31796.686074737325,33630.55569732729
2025-06-06 05:00:00+00:00,24771.003421921574,19452.529485861127,30338.548263586203,24783.89050966444,24732.329780317275,32588.663035778078,33902.893251471396
2025-06-06 06:00:00+00:00,28003.781527866588,21555.84993633861,32465.184432597944,27314.065067069718,25751.641892836844,33652.03268860561,35951.20063265683
2025-06-06 07:00:00+00:00,32264.259322943177,23937.68739453225,35000.62796457425,32079.00434079558,33761.48830777679,35655.568576529964,39150.47079401984
2025-06-06 08:00:00+00:00,35141.51029538711,25136.67555494355,36179.407129426465,34991.45043251862,35919.43556827624,36129.56987367706,39641.743094375786
2025-06-06 09:00:00+00:00,38902.87492109066,26764.52646889055,37276.9310315789,39630.882401778385,39203.2073239743,39219.198121739435,40160.577847287386
2025-06-06 10:00:00+00:00,39956.02623462761,27246.786006112437,38210.542910544566,40537.57455623094,40395.046758241595,40241.66139483213,40760.352936166906
2025-06-06 11:00:00+00:00,40005.051570985706,27515.883066624738,38669.97372434835,40589.34555912024,40628.86752376763,40548.71983104528,40929.755394326785
2025-06-06 12:00:00+00:00,40009.15027107365,27172.830487396568,38546.32521463175,40429.951706792155,40459.04457260752,40214.86983788884,40779.01587174243
2025-06-06 13:00:00+00:00,38999.514068807555,26921.869564669927,37887.93600012263,39686.29269406817,39399.7070668422,39684.37473251775,40188.02821760407
2025-06-06 14:00:00+00:00,38700.10725486398,26542.225851065592,37227.36949054219,39377.4088496459,38647.758653117824,38761.27086109097,40142.348268128524
2025-06-06 15:00:00+00:00,35371.74642914636,25272.23402458509,36561.76829767086,35186.57733052606,36450.816099756245,36215.33621580624,39677.03354631809
2025-06-06 16:00:00+00:00,31311.124637717796,23164.813805197457,34628.47777109446,30408.44938794686,32177.63396654328,35401.4217910965,38309.88124810349
2025-06-06 17:00:00+00:00,26809.66012767595,21023.127622847416,32398.362752495763,26119.636914803625,25967.872656102994,34050.32610103361,36063.35335909784
2025-06-06 18:00:00+00:00,24016.53685443608,19226.719332501583,30769.798800032713,24352.68896907533,25279.119227364816,32602.366009514495,35315.24237018484
2025-06-06 19:00:00+00:00,19964.95505802822,18278.43621885962,29931.646744039677,23136.18779290091,24703.7661780434,32374.980288726416,34055.85113146613
2025-06-06 20:00:00+00:00,19582.500450299005,18244.276291148424,29715.417713270086,22817.139066535357,24306.20271058076,32060.587135144862,33490.18694116261
2025-06-06 21:00:00+00:00,19601.900690219034,18264.288297274707,29777.631174474973,22676.470632657834,23942.327468888794,31619.72130064349,33504.369368914464
2025-06-06 22:00:00+00:00,19597.17169878486,18164.45991707647,29730.955346013325,22674.429355040316,23943.470286522068,31637.129165222188,33501.07873951024
2025-06-06 23:00:00+00:00,19440.08811096811,18105.800781154656,29720.585916465123,22671.998636966026,23824.044399643426,31625.980280322823,33381.00403320669
2025-06-07 00:00:00+00:00,19440.05390462523,17963.363631440665,29717.27371518731,22659.992657863062,23824.550243613565,31079.966331446776,33366.927843291276
2025-06-07 01:00:00+00:00,19298.2305410535,18071.473005563257,29709.639940131678,22394.360775373196,23707.516152904172,31144.35862849614,33365.77831978518
2025-06-07 02:00:00+00:00,19328.154117717768,18145.085710637122,29769.48080460644,22406.301011766285,23709.219130440295,31137.40814685557,33408.46048873621
2025-06-07 03:00:00+00:00,22028.173180930073,18298.327904221536,30021.95672140797,22948.52582568538,23847.77170981313,31146.40133578609,33438.578985212225
2025-06-07 04:00:00+00:00,24847.13563773075,19453.589041628355,30697.368388866318,24369.293160775887,24461.938254624507,31837.08650331468,33918.029492398506
2025-06-07 05:00:00+00:00,28150.30406395689,21365.419764753344,32482.905632992683,27325.138406428632,25486.516653327617,33596.300585954676,35301.75776056596
2025-06-07 06:00:00+00:00,31208.139531067936,22987.007027510546,34370.75311994878,30262.167880283858,32094.541565792533,34401.267383207465,37053.74588120559
2025-06-07 07:00:00+00:00,34942.15277645841,24726.629914442423,36166.14878931142,34123.79001963895,35323.025598339416,35785.721053089605,39224.29004527992
2025-06-07 08:00:00+00:00,37591.06990400692,25932.14177917708,36767.75058618137,38180.43517095905,37484.86620621153,36070.14867587591,40093.25643252527
2025-06-07 09:00:00+00:00,38851.84732051275,26935.819391039113,37574.8574949124,39657.994365553786,39175.17798281708,39082.58816365851,40159.119046537795
2025-06-07 10:00:00+00:00,38831.72889215353,27066.071595290246,37920.93199766055,39723.72036566955,39257.52181211824,39474.59463684343,40208.54990245313
2025-06-07 11:00:00+00:00,39415.07871634662,27322.051422952438,38293.93175126689,39944.00629900625,39719.71118884986,39709.999522439015,40587.61318721849
2025-06-07 12:00:00+00:00,39880.02458595089,27321.051056725686,38707.1277994255,40425.62893577495,40318.64696267595,40045.265416942595,40819.22348666188
2025-06-07 13:00:00+00:00,39307.14487210451,27337.261581109018,38301.960911462345,39957.402912003956,39765.50887162681,39720.58811517067,40588.21462372838
2025-06-07 14:00:00+00:00,37654.064881897866,26267.42254781427,36918.27837201784,38223.58027705918,37680.18923023341,36100.12905277862,40112.057136985844
2025-06-07 15:00:00+00:00,34637.52839608009,24898.85598616997,35995.17079034812,33998.22963886501,35500.169845806326,36033.66302670161,39309.525771937544
2025-06-07 16:00:00+00:00,30237.205874085314,22607.904118937935,34102.66840684091,28923.86581230476,31396.13719235388,35102.274999627785,36846.177925451
2025-06-07 17:00:00+00:00,26507.335589954335,20831.923611457878,32096.55352503152,25946.07840081996,25623.74494484803,33494.70823068293,34475.90095320283
2025-06-07 18:00:00+00:00,23697.860206822203,19205.557517059915,30767.263044315045,24185.446150964195,24984.96099825825,32234.647363264372,33719.62435030685
2025-06-07 19:00:00+00:00,19645.36103469901,18163.609958735466,29845.680807017165,22787.537961049555,24329.08156139382,31861.671637600975,33376.26856001154
2025-06-07 20:00:00+00:00,19452.788619128987,18084.853845870228,29629.58093013485,22636.35315509204,23819.043588376717,31419.71531031858,33462.09380936094
2025-06-07 21:00:00+00:00,19328.778754184557,18091.27134820082,29720.812359277734,22374.659309513823,23705.639832482353,31070.933199785133,33433.488381118616
2025-06-07 22:00:00+00:00,19274.577165946885,18077.135035307278,29672.887920183897,22392.56899912162,23710.747217752858,31081.75557931694,33434.662830494555
2025-06-07 23:00:00+00:00,19249.289292967132,18041.17983504042,29671.01653931477,22391.108778403614,23709.358509964895,30882.83123080871,33365.1437618048
2025-06-08 00:00:00+00:00,19249.284256114737,17918.923880762493,29642.275716616507,22341.11199874801,23703.592836173993,30642.929960631274,33362.769994005896
2025-06-08 01:00:00+00:00,19154.217341498694,18057.51201968571,29591.656945299048,22366.803042972075,23694.302796609172,30510.78875684731,33425.24209675256
2025-06-08 02:00:00+00:00,19043.13558763635,18110.789903255652,29641.875668715664,22368.791649545492,23710.101068700646,30464.56172824202,33438.34796378124
2025-06-08 03:00:00+00:00,21707.640827667354,18333.985214604032,29968.36564041086,22690.06530697401,23356.17370638773,30465.559273197876,33438.544559492395
2025-06-08 04:00:00+00:00,24425.444923509578,19477.923031000922,30761.58674652326,24526.372234735318,23844.807147698084,31443.952957578414,33944.11918895978
2025-06-08 05:00:00+00:00,27499.223896595377,21357.65916210403,32495.70584798229,27069.14970376067,24721.226794499158,33052.38058804835,35431.28783994479
2025-06-08 06:00:00+00:00,30413.248471034956,22618.913060271214,33874.24082448771,29689.191860838822,30777.497764323536,33590.794285103286,36179.31625795028
2025-06-08 07:00:00+00:00,34738.661421494115,24847.14652856241,35965.70307550075,34117.05968296872,34706.30511562177,35339.17619279465,38081.38774891075
2025-06-08 08:00:00+00:00,37034.53333431369,26233.93337092302,36823.80539121318,38362.182550380596,37268.36097834432,36713.78502710133,38542.15217357181
2025-06-08 09:00:00+00:00,39594.67317591896,27438.41636430215,38254.73596465487,40508.22220768272,40234.76510051521,39794.34518438004,39428.80301157895
2025-06-08 10:00:00+00:00,39667.54678168707,27611.578200553107,38355.387023746705,40682.48033589229,40282.96081543648,40058.585105447964,39686.32059817731
2025-06-08 11:00:00+00:00,39834.2093860863,27612.380503881894,38499.93744501336,40837.92313235286,40424.82421507581,40424.967498125254,39973.39764340508
2025-06-08 12:00:00+00:00,39649.809100700666,27608.365378306127,38415.28708820079,40370.611351490865,40314.790870730976,39880.768217390556,39494.446493647054
2025-06-08 13:00:00+00:00,39097.456443528565,27318.25511470145,37991.87248511071,40101.68933711739,39484.920004204614,39401.17960898317,39346.788384676845
2025-06-08 14:00:00+00:00,38569.00594480561,26720.113232093903,37283.499372737424,39399.703699989885,38928.44727297147,38892.01186457195,38911.21114605782
2025-06-08 15:00:00+00:00,35028.54826224216,25351.03732554834,36109.58416526878,35275.01308089943,36073.714308326795,35896.2290920147,38368.50678993123
2025-06-08 16:00:00+00:00,30486.057532551975,23118.768574839065,34188.03817775584,30016.762448998852,31294.95652636636,34690.20215016915,36753.01572183971
2025-06-08 17:00:00+00:00,25859.61208525612,20855.331142004463,32011.709597636473,25860.401114337772,24877.192891672858,33039.0679174123,34755.25650022133
2025-06-08 18:00:00+00:00,22607.062912872923,19095.72675679007,30323.66453432269,23680.59830532904,23870.93781167782,30350.148235378925,33729.04172973302
2025-06-08 19:00:00+00:00,19626.935972004303,18210.193303855063,29489.953588911343,22218.552735030516,23150.36887314816,29809.903803634494,33409.48932746046
2025-06-08 20:00:00+00:00,18693.79991225353,18099.235480699732,29324.670523577384,22082.530440140046,23121.722124727672,29775.105151745418,33469.7669186082
2025-06-08 21:00:00+00:00,18604.25720319156,18038.392012644457,29538.22497099905,21959.30919402942,23120.96377702094,29972.7085904358,33436.77228343451
2025-06-08 22:00:00+00:00,18594.82731197836,17972.79181381222,29606.41406401349,21947.45305361683,23121.189056249525,29969.47409673559,33418.72955031922
2025-06-08 23:00:00+00:00,18418.07481832171,17860.886574412063,29443.535155921152,21721.213782990886,22432.442864769047,29971.159737726808,33327.39648957156
2025-06-09 00:00:00+00:00,18580.352597271347,17694.746741602245,29311.124386883672,21560.108536164582,22138.58275211843,29608.026873810468,33294.436138018995
2025-06-09 01:00:00+00:00,18505.15580542947,17793.794721364455,29048.704298157427,21624.682846075917,22435.391886947746,29739.69582445064,33290.60217799984
2025-06-09 02:00:00+00:00,18671.918660956206,17851.37635067802,29102.545134848948,21627.41062979593,22431.249784405612,29740.296573482734,33283.39366314201
2025-06-09 03:00:00+00:00,21283.784109811724,18055.096978430112,29488.600086784903,21981.232691207944,22282.227799921995,29740.296573482734,33283.04877041124
2025-06-09 04:00:00+00:00,24801.835489602443,19546.266385649305,30582.042885326122,24079.41435274519,22912.512599707934,30230.130227598907,33921.99145880145
2025-06-09 05:00:00+00:00,29985.628558703916,22439.180803055697,33872.7488251026,29212.76565947361,29874.511934239068,31836.877547410062,36048.01033841227
2025-06-09 06:00:00+00:00,36433.530173729894,25227.49809524976,36437.76101075799,37092.416081888354,36551.25603115583,32976.74152173746,38199.44932812875
2025-06-09 07:00:00+00:00,38415.1059037428,26628.176961515317,38104.87818534956,39467.94055313396,38551.560684697564,37885.980579943694,38824.73253159327
2025-06-09 08:00:00+00:00,39808.05857684168,27406.782407952738,38853.61697892637,40649.39103699864,40114.41150243918,39846.06804654676,39385.48666730617
2025-06-09 09:00:00+00:00,40156.678722238226,27534.270930912026,39113.95274097106,40968.87510961088,40504.829772283796,40476.49049295379,40137.40288072982
2025-06-09 10:00:00+00:00,40321.94569167745,27585.22441886556,39161.45506466626,41133.32154132741,40714.22779119232,40502.016367574884,40561.416924980396
2025-06-09 11:00:00+00:00,40377.64147668059,27588.64818353974,39288.383846656165,41100.90200832096,40795.455740624064,41010.97314017128,41118.86516144192
2025-06-09 12:00:00+00:00,40390.92960588615,27536.678760121693,39297.73930024704,41096.111636748115,40899.93652662011,41275.96693901758,41128.67756987999
2025-06-09 13:00:00+00:00,40344.07333743543,27479.92079951179,39196.4386866856,41097.8839252272,40869.83840747184,41160.44157196852,41191.954594621835
2025-06-09 14:00:00+00:00,39337.678335182914,26966.31709413395,38404.998855993166,40112.25850898357,39466.82700263191,39668.50732908376,40214.00004872668
2025-06-09 15:00:00+00:00,37680.44074123185,26126.0298620612,37021.715748171126,38204.391156825106,37754.049833106794,36165.53692094285,40182.37739275435
2025-06-09 16:00:00+00:00,32229.47238880177,23677.14314331919,34847.78981501873,31001.02625804258,33498.24767926709,35769.695555708895,38618.13791197606
2025-06-09 17:00:00+00:00,27799.931200890063,21327.027565824847,32722.499302737648,26824.517779802227,26427.892039842165,34139.4734417953,36206.89051186992
2025-06-09 18:00:00+00:00,23911.87082125172,19196.659352132563,30763.76717542255,24395.550058901725,25159.055287845014,32351.87864068546,33732.40316157184
2025-06-09 19:00:00+00:00,20544.381340654207,18144.95367532621,29876.60331800779,22663.13886944958,23913.758625280803,30943.03564160196,33412.40079122267
2025-06-09 20:00:00+00:00,19309.24059756072,18103.22673412518,29640.58271104261,22462.381534550103,23805.37696425515,30004.190105486825,33478.85436200367
2025-06-09 21:00:00+00:00,19327.088163334458,18147.491617262986,29717.866965551337,22276.13393233568,23806.795864884047,30033.292864528587,33427.25393562335
2025-06-09 22:00:00+00:00,19065.915997955763,17969.758396951755,29549.6330656333,22221.80387937627,23621.898171582576,30038.927937907127,33396.51056506494
2025-06-09 23:00:00+00:00,18898.876840721863,17892.897492626136,29448.465577289346,21999.389386928702,22928.31793260925,30050.70072910728,33372.20021991097
2025-06-10 00:00:00+00:00,18889.084278979906,17743.118499500924,29302.92486031605,21838.349926049163,22711.56616479487,29675.795073990783,33349.1048075501
2025-06-10 01:00:00+00:00,18648.880517861384,17830.809229307928,29036.619723175303,21702.30145092085,22509.528102172117,29737.15867544705,33285.904007880315
2025-06-10 02:00:00+00:00,18677.337736620426,17887.008111845505,29122.274554963522,21705.005586286086,22523.565289454004,29737.759424479147,33293.44934100288
2025-06-10 03:00:00+00:00,21344.02517692912,18115.597187930205,29478.14765161604,22234.184848266006,22778.053130448196,29753.058673481068,33389.20324457562
2025-06-10 04:00:00+00:00,24679.98606566127,19314.33045387303,30752.90381013696,24516.624152262386,24233.3265454945,30326.778093814693,33905.01798941872
2025-06-10 05:00:00+00:00,28229.260171239148,21732.17037774732,32911.966303846886,27418.93940197639,26198.83891496139,31642.857511000086,35849.72401376635
2025-06-10 06:00:00+00:00,32003.57098804116,23648.122127932973,34941.98154088186,31874.53918335333,32251.127991529927,34045.186594589206,37385.76046577277
2025-06-10 07:00:00+00:00,37075.64985235124,25512.560634572103,36635.691087767,37579.679696434825,36999.05929468086,35586.321508118126,38321.64990211574
2025-06-10 08:00:00+00:00,38508.49270025771,26424.689710453786,37330.50351087807,39116.44173308264,38608.05496813845,38301.52272220568,39189.59222750648
2025-06-10 09:00:00+00:00,39320.525171883055,26957.550611080915,38006.849996881916,39952.138311330404,39116.61113269589,39559.652169761066,40208.73713116362
2025-06-10 10:00:00+00:00,39314.5369503673,27014.887861236686,37996.88797139231,39951.34846604001,39205.95818756915,39582.42730060587,40214.05658554588
2025-06-10 11:00:00+00:00,38870.56394076506,26718.383628962994,37607.78961694546,39567.130195609316,39061.836736233745,39176.20213018782,40162.59511364179
2025-06-10 12:00:00+00:00,38639.4219731168,26581.8104656905,37447.6558090261,39324.58211447078,38560.72926263311,39140.546165175794,40198.81968672492
2025-06-10 13:00:00+00:00,36578.40851463724,25750.930947538178,36686.48413064361,37370.841700378216,36708.39368856801,36176.27259104778,39908.317839969095
2025-06-10 14:00:00+00:00,34650.711454086784,25160.00108145014,36247.84340426251,34097.39965050619,35418.52269060465,36179.08342131586,39672.26981883456
2025-06-10 15:00:00+00:00,30994.585323038435,23122.059046521434,34358.96458641854,30224.66133305432,31735.397130483252,35290.24158249165,38148.474557130365
2025-06-10 16:00:00+00:00,28737.093535353626,21960.607195057295,33015.45412713853,28050.43930406778,27450.59681363106,35157.21503033583,37508.85611383018
2025-06-10 17:00:00+00:00,25482.10070007805,20290.374659481986,31615.46917059325,25543.79258207826,25478.389345011725,33661.18242838383,35696.871080583274
2025-06-10 18:00:00+00:00,22984.760314413234,19012.56388578016,30579.499954200946,24073.784726067544,24894.84808079664,32491.305121802845,34844.99116684934
2025-06-10 19:00:00+00:00,19184.276104632445,18309.808263514085,29920.307178663406,23022.900427862205,24200.48453402102,32083.650724536456,33615.116189749206
2025-06-10 20:00:00+00:00,19117.993731694994,18255.78980153728,29700.378980053873,22729.50606152355,24087.310560909358,32074.838073581068,33495.3542771125
2025-06-10 21:00:00+00:00,19130.711996660626,18300.017935159158,29807.754845548396,22517.47505158146,23719.15001674483,31806.53668286878,33464.104148308
2025-06-10 22:00:00+00:00,19122.73369113518,18200.194354323743,29779.785682125803,22520.66155757385,23725.21397039674,31609.01651291268,33463.29624882947
2025-06-10 23:00:00+00:00,18966.95484607819,18118.827201680306,29722.746537073177,22526.86193179387,23495.63429263675,31065.289574115468,33389.34203476549
2025-06-11 00:00:00+00:00,18678.073294964066,17905.381727698175,29616.284908871843,22008.929962874576,23120.916264101943,29974.33852599444,33374.45171187415
2025-06-11 01:00:00+00:00,18681.581679634284,18003.631661483872,29642.453289929497,22017.5830541525,23121.743478064163,30036.732042205276,33357.89445904482
2025-06-11 02:00:00+00:00,18987.684227363272,18065.324699621677,29735.40140130532,22071.13977456724,23338.27192580832,30037.332791237375,33358.60568799787
2025-06-11 03:00:00+00:00,21785.762964469668,18189.340849836743,30042.25981837245,22451.456951041342,23749.759220556836,30037.31542336957,33345.728293403394
2025-06-11 04:00:00+00:00,24749.600037811684,19403.280340266156,30754.37670504605,24450.48847338083,24227.950065608336,30377.954322987418,33896.163039446925
2025-06-11 05:00:00+00:00,28215.933426172833,21502.403760846515,32618.47542733839,27417.31865023719,26339.6979589952,32023.265940793033,35741.44358367462
2025-06-11 06:00:00+00:00,32940.25387350853,24077.337837156865,35296.4527339747,32671.648584877028,33250.40790527737,34378.83416321664,37746.71005286483
2025-06-11 07:00:00+00:00,37374.31190902002,26066.1387995105,37284.81791544003,38328.421236683695,37365.3232895258,36244.73589319057,38518.228277648916
2025-06-11 08:00:00+00:00,39136.87348534563,27138.2421012059,38345.38578503171,40089.41624295961,39522.063847231686,39480.3977994093,39355.17729053571
2025-06-11 09:00:00+00:00,40309.80749372915,27574.75354139294,39049.4917480895,41100.520273101174,40816.0824199604,40448.50826690699,40215.50850924255
2025-06-11 10:00:00+00:00,40428.399303400016,27568.90311060217,39212.92866028112,41132.335655185336,40839.25569293622,40969.67272546319,40981.06247777321
2025-06-11 11:00:00+00:00,40621.04559216619,27584.31444392768,39672.98116810359,41144.65626175015,41128.75083126036,40991.00936221512,41244.241395153906
2025-06-11 12:00:00+00:00,40818.7553258337,27436.435539704584,39699.36186308573,41224.28967341173,41261.668881114085,41307.16469585054,41398.710572209806
2025-06-11 13:00:00+00:00,40732.148540766466,27432.008533209748,39588.8541102435,41229.81364223881,41155.92682988289,41366.242801817214,41296.94417845205
2025-06-11 14:00:00+00:00,40507.19361305323,27407.21926853599,39230.413886000795,41190.47125983356,41001.44540932943,41197.193654124996,41304.618125411725
2025-06-11 15:00:00+00:00,39137.10272848283,26866.518095333908,38179.53816739625,39850.292164053164,39653.73144810099,39700.08451712655,40368.28250402142
2025-06-11 16:00:00+00:00,35832.41809758228,25142.973026303905,36631.51027317955,35209.09945291645,36225.502532817445,36253.51994692299,39674.0782376775
2025-06-11 17:00:00+00:00,29838.428638097954,22252.655812478584,33977.743614700325,28683.205927797528,31635.87808329752,35055.506294650746,37543.60958505909
2025-06-11 18:00:00+00:00,24308.864466104573,19599.39199390756,30972.94485240328,24683.04238757099,25496.6105346202,32745.871906072844,35354.003854236464
2025-06-11 19:00:00+00:00,21365.995087123058,18256.761287908113,29988.171683640998,23008.8304553934,24440.3363638547,32061.962893231474,33417.436108973016
2025-06-11 20:00:00+00:00,19447.83751458719,18141.010861590345,29719.009059736833,22761.976220892775,23824.63013967483,31417.418552530504,33483.34477160008
2025-06-11 21:00:00+00:00,19169.891174962366,18094.847134583168,29759.51953069168,22361.582544528796,23606.606762039042,29955.576246036293,33452.768138747786
2025-06-11 22:00:00+00:00,19165.51627241507,17999.108099696252,29760.325316054987,22184.007289093835,23607.466174428744,29955.201760317002,33425.203053240184
2025-06-11 23:00:00+00:00,18931.806063992368,17861.733670924335,29490.14579418319,22038.240587900375,22929.429760507937,30023.424390638407,33324.79579022695
2025-06-12 00:00:00+00:00,18877.358167126713,17696.042548608748,29335.424012542982,21788.527743727816,22707.7955900843,29665.480406117196,33280.01967355258
2025-06-12 01:00:00+00:00,18637.422344862243,17786.062436374435,29038.41740696895,21661.00789143693,22209.555441077166,29668.530947362215,33255.35649057832
2025-06-12 02:00:00+00:00,18621.71742510685,17848.94140473291,29080.308625022404,21569.23115174914,22210.995338015593,29669.131696394314,33247.48366585772
2025-06-12 03:00:00+00:00,21527.95232956605,18178.760293863088,29462.296228197294,22454.910496403605,22475.317719403756,29699.46659129167,33355.78866709517
2025-06-12 04:00:00+00:00,25439.487728442407,20266.461711674172,31621.717207579135,25245.533254811642,24606.48775969074,30850.76430301832,34576.10213088442
2025-06-12 05:00:00+00:00,31781.433050551896,23497.493252886445,34738.740768794145,31479.707110852425,32218.910989567143,33484.10316522462,37306.51376085427
2025-06-12 06:00:00+00:00,37817.147594956776,26193.340255471285,37190.07681130884,38701.06006507176,37868.77058262615,37359.34672308537,38621.39283937034
2025-06-12 07:00:00+00:00,40300.89145135581,27299.52965469768,38977.32645649846,40989.18367509464,40865.73933900217,40978.95809534796,40881.51000409259
2025-06-12 08:00:00+00:00,40840.59785771234,27289.35172964026,39490.48624728459,41261.725303305546,41220.71654387649,41930.80417893278,41489.65481184126
2025-06-12 09:00:00+00:00,41935.04422108629,27399.452335241534,39841.00261060036,41984.149236142715,42015.78168377152,42516.73908129059,42272.871420921794
2025-06-12 10:00:00+00:00,41944.904236833194,27433.249305151952,39886.56889087017,41972.745592085936,42011.064351936155,42528.215223177795,42283.20322290197
2025-06-12 11:00:00+00:00,41948.79335637901,27418.888610421975,39924.781562664706,41963.441102811266,42004.439177450964,42495.9510399129,42311.39327216921
2025-06-12 12:00:00+00:00,41972.77634296291,27430.13437107174,39901.69032717628,41914.271197316,41991.94631146871,42571.11895119978,42395.11073994024
2025-06-12 13:00:00+00:00,41861.56076559831,27429.961840359734,39934.7593168834,41923.26167277138,41949.36716382659,42447.69797607701,42172.94626268932
2025-06-12 14:00:00+00:00,40597.147825319575,27409.228629864614,39360.00757880095,41212.81825720701,41067.93338172208,41380.3180293947,41381.73555324176
2025-06-12 15:00:00+00:00,39408.95083828558,26872.81366281572,38459.42134398811,40136.46429305391,39587.23704696313,39790.57742070581,40456.606127278894
2025-06-12 16:00:00+00:00,35750.19631805831,25244.59285498343,36664.9160953315,35293.03999401074,36599.05861261985,36205.944444887195,39916.11423623842
2025-06-12 17:00:00+00:00,29705.842219904822,22300.86619382801,34111.08303009594,28646.855868994124,31427.27289475157,34958.64870988989,37625.65512642545
2025-06-12 18:00:00+00:00,24299.29437428913,19664.49423258406,31192.479512130663,24628.0982758786,25456.951900534557,32883.561756548814,35448.74232592933
2025-06-12 19:00:00+00:00,21683.915399748923,18293.772695367705,29997.194069484605,23104.248151587286,24726.007685590866,32449.523191233046,34968.91767090484
2025-06-12 20:00:00+00:00,19469.981344154094,18202.538157360796,29711.656121847456,22922.074640837563,24376.045670019328,32093.93676743107,33915.883017059765
2025-06-12 21:00:00+00:00,19291.878338310904,18241.526548801725,29800.442040464623,22804.183859936114,24093.153784192447,32277.929169382835,33464.087090103065
2025-06-12 22:00:00+00:00,19520.38244149026,18224.918083900342,29811.588871996373,22740.790536621145,23952.27626517829,31628.16532536933,33466.570462915755
2025-06-12 23:00:00+00:00,19495.97358517768,18174.77983327596,29825.533879923325,22740.43361684309,23952.27626517829,31628.16532536933,33396.554441016306
2025-06-13 00:00:00+00:00,19141.84738981922,17974.790191384447,29766.292417362205,22308.741502646073,23602.970723108505,29979.5385508614,33387.92972531647
2025-06-13 01:00:00+00:00,19142.311456587013,18024.67356384362,29740.80600231628,22264.843191218562,23602.880352733722,30044.373070327947,33372.671681251006
2025-06-13 02:00:00+00:00,19061.767369288576,18080.08811907083,29789.322414523554,22311.833304786727,23620.265574073128,30044.973819360046,33370.13558678895
2025-06-13 03:00:00+00:00,22070.264041560167,18422.925631670132,30196.787542810576,23116.522107205812,23869.297886271008,30070.573841676854,33472.8874651339
2025-06-13 04:00:00+00:00,25965.25469478058,20531.31482246054,31861.03740214815,25574.89154473904,24700.556547403932,31916.902622937934,34685.80128070923
2025-06-13 05:00:00+00:00,31752.716243578296,23401.83815617575,34653.579417974644,31463.79858746616,32639.346575444855,34669.33086279739,36880.6163177922
2025-06-13 06:00:00+00:00,37598.79947920135,26044.99813877537,37131.91514017112,38669.363160400295,37760.47299813539,36325.186063867375,39623.54596961911
2025-06-13 07:00:00+00:00,40142.281577444315,27224.925267342387,39056.38691178751,40963.3419964149,40725.76280167318,40779.779509193955,40868.58566777555
2025-06-13 08:00:00+00:00,40823.568500719506,27289.33419879235,39582.04108064506,41253.872573267545,41289.73166686097,41833.07791143067,41401.512341053305
2025-06-13 09:00:00+00:00,41822.73665373638,27390.628930783958,39997.54490353684,41968.3685509261,41949.292476121685,42524.59045740743,42264.530897379234
2025-06-13 10:00:00+00:00,41964.78729221228,27423.911194097476,39966.67338438602,41941.587826242234,41969.252057226135,42587.33188571459,42330.243037075204
2025-06-13 11:00:00+00:00,41941.44841819632,27411.81478002222,40015.30198399933,41931.03975986291,41979.670654494854,42565.0094729765,42323.46172932832
2025-06-13 12:00:00+00:00,41939.426818920045,27411.81478002222,39958.666548764224,41898.881599366156,41984.65384455848,42561.83805274548,42314.57523968011
2025-06-13 13:00:00+00:00,41801.09236673017,27411.81478002222,39947.43754812998,41926.3045045507,41834.29966300872,42452.0476913611,42078.72537324525
2025-06-13 14:00:00+00:00,40557.987178382,27409.298304842683,39366.659476442495,41219.619388348925,41061.97167064796,41279.25915787907,41286.452385217526
2025-06-13 15:00:00+00:00,39369.83455279868,26822.873398575073,38247.18931781915,40127.258740839665,39582.08782815966,39698.287063913536,40254.053532645026
2025-06-13 16:00:00+00:00,35733.5673787684,25163.59625503876,36650.5531806373,35292.211428388866,36595.52182577394,36195.072401844365,39718.16847841359
2025-06-13 17:00:00+00:00,29716.270373282463,22268.25324369367,34002.19634284756,28621.270109085763,31399.178795194824,35005.68851893937,37651.5740302694
2025-06-13 18:00:00+00:00,24325.870063369406,19668.266149554674,31024.88960135907,24618.3618384987,25451.00590970952,32808.65521503956,35430.43103001968
2025-06-13 19:00:00+00:00,21502.183690279737,18400.737553493684,30016.298044215393,23017.082595989214,24722.451401259073,32529.12453253348,35081.26701776463
2025-06-13 20:00:00+00:00,19416.367533135148,18240.32446732963,29738.240070088865,22919.166318379583,24470.154626496824,32455.803194406402,35045.36493299514
2025-06-13 21:00:00+00:00,19439.987751705776,18241.02457683891,29806.820983000685,22917.136033913288,24469.567162908483,32594.01698872817,34781.86095659923
2025-06-13 22:00:00+00:00,19598.66078093114,18225.466105492007,29806.191569691884,22912.288144039525,24469.827460327797,32586.19386740936,34605.50281956085
2025-06-13 23:00:00+00:00,19569.79190322322,18192.954613491213,29832.068485685588,22916.15871374712,24580.80886791991,32277.929169382835,33825.503264684776
2025-06-14 00:00:00+00:00,19557.02050614038,18068.99386994617,29779.187559689002,22886.91792680715,24388.55459726587,32273.127436854917,33395.20318507065
2025-06-14 01:00:00+00:00,19555.70545780043,18193.378276478863,29811.38122143366,22901.439160360715,24300.333004893964,32271.544241349515,33398.35338856508
2025-06-14 02:00:00+00:00,19583.582936244602,18255.891176505065,29885.648261660815,22755.26357091264,23952.833482929607,31674.946015944828,33395.648716230025
2025-06-14 03:00:00+00:00,22803.235089169582,18608.889734764805,30270.860673322124,23561.857594187568,24201.12591884458,31696.78736178226,33498.400594574974
2025-06-14 04:00:00+00:00,26286.32097401107,20637.31846605848,31918.315830164534,25989.29449628833,25298.423113934296,33050.01738770958,34704.5638907498
2025-06-14 05:00:00+00:00,31867.302789235397,23312.149360941636,34587.836937569606,31168.129593354246,32977.92025995934,34980.529651524455,38032.28508402758
2025-06-14 06:00:00+00:00,37589.144250847436,25985.006630047206,37168.08059567872,38413.261578653895,37607.01171688712,36217.47359875044,40034.7937818683
2025-06-14 07:00:00+00:00,40046.51691314719,27273.612097748595,39099.83425089821,40843.286335445446,40547.78506672357,40753.99568785771,40957.83760676645
2025-06-14 08:00:00+00:00,40869.11552261823,27310.580539499555,39590.8002494588,41297.12877065636,41258.99622816771,41813.90340084873,41379.273058959574
2025-06-14 09:00:00+00:00,41846.403408873324,27374.032929718913,39995.89643042678,41962.9768605163,41936.80521650398,42555.29384589612,42327.41019175265
2025-06-14 10:00:00+00:00,41937.51905362798,27423.35488506607,39959.3322605179,41952.27861420762,41957.47334221565,42544.05132210391,42235.178117092
2025-06-14 11:00:00+00:00,41932.378858071745,27427.715122099722,40003.89158439186,41939.71181111945,41910.9464785932,42505.06569688269,42310.119709236526
2025-06-14 12:00:00+00:00,41932.378858071745,27428.283249446104,40001.87285862683,41913.41667482935,41917.04903948043,42505.06569688269,42316.900544903256
2025-06-14 13:00:00+00:00,41045.38906024439,27427.542591387715,39907.64091308121,41332.8912784775,41341.361288839566,41955.163730992375,41633.04050205952
2025-06-14 14:00:00+00:00,40390.62920322488,27423.174994582536,39269.65117223543,41013.2641671927,40936.38170719878,41077.88048506971,40974.51900657974
2025-06-14 15:00:00+00:00,38999.531477930366,26657.14619191294,37863.53381474263,39769.75100836169,39425.58670760192,39222.61579685536,40236.477676606
2025-06-14 16:00:00+00:00,34516.30536567812,24466.277374342048,35815.93619971394,33744.507650145904,35251.11524619678,36284.26924473063,39516.59639190912
2025-06-14 17:00:00+00:00,29046.761797860425,21863.237102275947,33253.82209614725,27820.76316374086,27482.726140407074,34728.6151529323,37228.675493495604
2025-06-14 18:00:00+00:00,24321.359269502966,19529.333110612584,30942.66424892912,24512.754940495917,25398.03005561568,32872.91743233902,35467.26904140792
2025-06-14 19:00:00+00:00,21681.61138674747,18375.52017646887,30123.58352061207,23113.666994638013,24707.488371171527,32503.109742005756,35093.4837854646
2025-06-14 20:00:00+00:00,19887.148217426733,18274.373472351286,29812.435085153116,23019.913003247442,24688.67015181124,32494.693927966684,35180.25657370771
2025-06-14 21:00:00+00:00,19905.414343874887,18324.147862780083,29904.619863583,23014.27541827087,24677.96460561322,32697.545301559083,35026.17586888495
2025-06-14 22:00:00+00:00,19902.966841025565,18311.937023986597,29894.922717222587,23015.30134099922,24681.05913260885,32691.22561712792,35026.84949284201
2025-06-14 23:00:00+00:00,19881.671188436467,18222.46154565517,29849.510610272064,23015.757689820224,24679.122794102055,32616.267017983642,34966.01013515391
2025-06-15 00:00:00+00:00,19880.556182454242,18079.929970838624,29832.801352442784,23011.280891901617,24678.99958443165,32559.03091008936,34734.82335855223
2025-06-15 01:00:00+00:00,19881.713284121746,18214.568616318804,29855.008411397044,23021.095965372486,24678.875734512225,32557.481592483622,34558.54376968055
2025-06-15 02:00:00+00:00,19905.62198853529,18319.80075385661,29920.0809738063,23060.773556556116,24731.491712731393,32552.684151862813,34020.3393832865
2025-06-15 03:00:00+00:00,23134.463292872995,18632.657477127756,30280.408365330597,23651.170289571604,24982.773394273187,32560.05880498305,34107.064654175745
2025-06-15 04:00:00+00:00,26731.686121914354,20541.35057895055,31557.748348986966,25938.990352665718,25765.181687198005,33208.35160402847,35545.384148879944
2025-06-15 05:00:00+00:00,31240.508207609666,22974.524456675223,34140.893203573665,30548.896188026105,32133.17023325557,34689.02144856818,38321.77218126566
2025-06-15 06:00:00+00:00,35604.20679092314,25004.412811243477,36429.50779587121,35168.058161428526,36112.11106590336,35523.994738383,39707.66153863996
2025-06-15 07:00:00+00:00,39071.178918088706,26452.737585808958,37764.885223024736,39584.11769848621,39416.32235462677,39009.92615020127,40251.26130505437
2025-06-15 08:00:00+00:00,40049.34878317767,27007.061197509545,38990.39451226519,40636.373590816955,40492.844061387485,40246.983985401515,40821.24384189593
2025-06-15 09:00:00+00:00,40508.02370413299,27392.796203078688,39194.30698545318,41121.36516001543,40858.02231750544,41075.552634683445,41327.70270406447
2025-06-15 10:00:00+00:00,40310.29901787227,27455.11537785228,39240.290035191785,40949.828703651576,40757.51162190978,41117.03381922772,41306.13198805296
2025-06-15 11:00:00+00:00,40305.69669257581,27474.72398909966,39096.24065090628,40937.22367525641,40782.50037098962,40968.79858025728,41322.270823652594
2025-06-15 12:00:00+00:00,40081.28446768553,27504.106683418573,38992.74869983,40752.41620363388,40643.09517280438,40709.42092851308,41086.84043060135
2025-06-15 13:00:00+00:00,38889.17549532214,26774.393318662245,37762.80896710982,39568.827698617664,39194.31479833849,39106.91596559792,40351.29353253371
2025-06-15 14:00:00+00:00,35757.0053606526,25442.896744414153,36578.407651516056,35118.0707426314,36063.49187389975,36157.80446836538,39810.8246581214
2025-06-15 15:00:00+00:00,31614.946581716576,23755.49923657367,34724.37038686043,30588.5620102347,32425.273469098003,35624.92545464947,38946.354104386686
2025-06-15 16:00:00+00:00,28468.158066334814,21819.955573941086,33100.48957181364,27662.72767160282,25965.853911408944,34719.48527505703,36863.89955459395
2025-06-15 17:00:00+00:00,25741.476663092642,19963.93353768126,31309.05828867456,25115.677307133887,25466.80042907202,33712.41159682902,35824.41662371052
2025-06-15 18:00:00+00:00,23210.0296889024,18860.394264644732,30431.060963530595,23939.491299123383,24926.801056560973,32548.567051964208,35257.96528365688
2025-06-15 19:00:00+00:00,19954.784018076527,18287.50829565578,29829.065044732943,23027.865606414754,24699.88086624671,32386.460629066114,35066.23173113904
2025-06-15 20:00:00+00:00,19897.325094298343,18149.726835751157,29556.267982853427,22935.188275569697,24680.04564828207,32346.374486133744,35055.513211461024
2025-06-15 21:00:00+00:00,19924.873956071628,18197.430155593665,29623.51782473197,22932.79959771056,24679.79747009459,32537.149989919883,34674.398465200306
2025-06-15 22:00:00+00:00,19665.51234578435,18182.28577876353,29589.669068353272,22884.837008656417,24393.50883758181,32221.334061220692,33664.43322906565
2025-06-15 23:00:00+00:00,19572.265602030016,18141.98637422622,29581.579668665534,22822.56091103365,24393.382518108083,32228.885291893355,33600.88857541821
2025-06-16 00:00:00+00:00,19572.261323901304,18024.69787774973,29549.652909647168,22817.05491480642,24302.740884597555,32227.1281109521,33452.15100367411
2025-06-16 01:00:00+00:00,19571.008195409304,18152.518862563476,29608.332225360384,22829.190921121684,24302.79209807735,32234.786857968516,33453.07642571847
2025-06-16 02:00:00+00:00,19601.820572607594,18204.354418988634,29734.001383663974,22734.622846086746,24304.865940033036,32035.750129725184,33442.20105094083
2025-06-16 03:00:00+00:00,22026.572909249524,18340.492988555812,29960.22012153026,22932.743998137903,24046.604198223307,31698.60143127571,33444.77334223825
2025-06-16 04:00:00+00:00,23885.906906668282,19358.798969140997,30676.239153524963,24260.257823103308,24463.512980550033,31965.70638828196,33768.000671044865
2025-06-16 05:00:00+00:00,27905.327499135226,21319.340010149008,32560.2048127566,27342.25997496409,25483.09268048093,33493.609591794695,35151.171296265515
2025-06-16 06:00:00+00:00,31697.656383872407,23398.07737288141,34525.52775196079,30615.065325994543,32753.878584742088,34485.05278269432,37102.30379482932
2025-06-16 07:00:00+00:00,36225.76963790853,25222.498199539692,36599.89865304556,35798.83906403357,36673.932182421384,35647.004056089674,38731.90644404515
2025-06-16 08:00:00+00:00,38891.0506869282,26787.29053151719,37612.681246291555,39576.38558711114,39145.54716894819,39092.95122985562,39730.67317384557
2025-06-16 09:00:00+00:00,39943.595393440926,27260.602249449643,38533.520031863176,40591.414826767665,40386.81519961157,40134.525621073204,40790.31554926672
2025-06-16 10:00:00+00:00,40018.55490034938,27244.759122827367,38890.33254443976,40524.17495733863,40453.30537401317,40173.82187694285,40782.13779265204
2025-06-16 11:00:00+00:00,39303.60438459352,26992.01283245853,38388.53711564456,39949.32807452243,39420.9847907911,39644.87961355077,40365.74877421416
2025-06-16 12:00:00+00:00,37640.16068515643,26444.459946275998,37338.91432132192,38435.85674381284,37765.52648395023,37003.17532420694,40325.55097115722
2025-06-16 13:00:00+00:00,37634.630096098335,26249.4048563318,37061.96946414882,38108.78122880133,37728.2579628386,36237.774105488505,40322.215360215276
2025-06-16 14:00:00+00:00,35792.282208032644,25526.843312747136,36612.81121097183,35482.21903935267,36538.585896805904,36171.62937484197,40022.115089949984
2025-06-16 15:00:00+00:00,32572.04613867395,24161.677029565653,35362.534383196944,32287.705499512107,33317.05049662104,35917.07621152289,39325.47111801644
2025-06-16 16:00:00+00:00,29977.7984909251,22680.42141385227,34177.44111449128,28837.450262105278,31401.5017276899,35241.803989170905,37707.335585715395
2025-06-16 17:00:00+00:00,26844.39877788192,21115.172752986455,32499.811341819503,26277.303040647286,26032.827135445365,34133.390102640005,36379.750170673666
2025-06-16 18:00:00+00:00,24061.287311657637,19421.20379936681,30862.597691646457,24467.27215095041,25410.126869138003,32829.480816417854,35301.02132318313
2025-06-16 19:00:00+00:00,21736.53124566905,18320.96081089442,30016.73295252753,23160.610409711528,24759.863033731188,32371.23662165867,34571.323099502246
2025-06-16 20:00:00+00:00,19623.393879606472,18226.939207544376,29706.001750487663,22969.646178790863,24346.888162383035,32029.013440612172,33490.555104671665
2025-06-16 21:00:00+00:00,19641.794813561224,18277.291088110465,29824.758476431678,22744.660788296078,24346.2984308794,32042.469003281956,33468.95793228532
2025-06-16 22:00:00+00:00,19501.08366497475,18095.163095309286,29742.301149448613,22691.01133528894,23868.981005484497,31599.17664714089,33460.45523639221
2025-06-16 23:00:00+00:00,19280.777750067093,18024.497689872194,29691.345613776106,22419.07644309923,23754.39672000943,31061.084781722217,33368.73186918186
2025-06-17 00:00:00+00:00,19288.111085044417,17863.028035169198,29602.45839490755,22313.153060302662,23796.981181585532,29968.864491490294,33356.169861134316
2025-06-17 01:00:00+00:00,19286.806824404466,17989.575427364965,29612.86237747907,22306.76364699864,23797.99511523842,30247.14872853361,33352.12375104089
2025-06-17 02:00:00+00:00,19318.09009847669,18011.374937050387,29696.859141786,22225.7170704327,23821.18405711674,30258.332096938513,33334.831021809696
2025-06-17 03:00:00+00:00,22474.330108140013,18315.790597613428,30053.30540925334,22921.52892697075,24070.303597971113,30258.332096938513,33421.00751989908
2025-06-17 04:00:00+00:00,25984.760267236117,20389.29094413837,31532.633617056847,25345.642493726922,24792.541648925042,30986.996848598854,34225.27592053054
2025-06-17 05:00:00+00:00,31760.64194332198,23219.054779678092,34309.65767762613,30682.340695980794,32737.67098067206,34318.749352736886,36875.45011538382
2025-06-17 06:00:00+00:00,37743.3819955371,25702.981357090157,36644.967310371394,38096.64363303618,37738.97679556309,35500.527675432844,39614.7871663664
2025-06-17 07:00:00+00:00,40057.22537822625,27195.577756859107,38954.46576893531,40670.53692539451,40681.02825883478,40269.00649812325,40880.3794821136
2025-06-17 08:00:00+00:00,40513.841525700045,27299.76751170488,39300.13837359617,41206.200527418776,40965.0163373666,41301.60263576666,41357.331836311685
2025-06-17 09:00:00+00:00,40787.26060906878,27399.327791777167,39664.94321488599,41215.859776773614,41114.295921341334,41416.35041182393,41415.31073355686
2025-06-17 10:00:00+00:00,41496.3484383245,27451.912243873216,39728.87757836121,41653.2574461305,41775.59419895736,42087.3275562318,42124.41476516746
2025-06-17 11:00:00+00:00,41599.840326391204,27448.32498749173,39724.080673632554,41624.35084605951,41804.5644040579,42104.042410245434,42145.34194038301
2025-06-17 12:00:00+00:00,41466.39605419005,27436.031461714683,39727.79388573883,41686.85904775934,41698.68425829868,41900.01228851848,42177.69972665593
2025-06-17 13:00:00+00:00,40638.51112887168,27426.29673903714,39800.16657232102,41118.88299016308,41135.56204366657,41076.813039848465,41385.79460491457
2025-06-17 14:00:00+00:00,40524.0158984919,27407.464381991318,39224.94766204696,41148.60623118775,40834.73702720063,41080.09262407246,41313.718729859465
2025-06-17 15:00:00+00:00,39197.746366929045,26870.012340233363,38007.603428799084,39875.104835663275,39464.02627779019,39311.65954394423,40375.99119341358
2025-06-17 16:00:00+00:00,35445.97913056029,24906.092510309227,36437.57804597004,34313.477834031946,35757.52912869347,36381.27996644529,39797.78225138216
2025-06-17 17:00:00+00:00,29433.31890957381,22014.103657804455,33217.63008279874,28192.872684273065,27948.522308795564,35212.36229091929,37561.1115063315
2025-06-17 18:00:00+00:00,24471.73998613908,19743.92468937772,31043.732571209035,24734.43824874195,25681.190502046087,33010.31806646501,35520.10363992724
2025-06-17 19:00:00+00:00,21833.115977242272,18444.3165524915,30064.029872585732,23202.117097518643,24920.743416265115,32704.023324510115,34999.284799695066
2025-06-17 20:00:00+00:00,20001.78543937978,18296.320169110735,29725.191971302873,23109.78989296204,24865.963700309403,32555.717216442514,35059.770198842474
2025-06-17 21:00:00+00:00,19745.596105807264,18313.624729290095,29831.746277759707,23034.335363859234,24578.9016834504,32323.274428524397,33614.653440563525
2025-06-17 22:00:00+00:00,19736.987723993676,18255.161690928213,29827.534497588964,22866.565085292958,24488.775787981154,32326.84937519243,33462.35626515315
2025-06-17 23:00:00+00:00,19707.751502300216,18130.32618112818,29722.9525573629,22865.989013200047,24499.47152613749,32329.707520132066,33392.44892512196
2025-06-18 00:00:00+00:00,19578.131757112627,17960.6226222762,29710.030911124322,22716.423886878278,24022.675667930587,31685.806461867356,33371.7273727717
2025-06-18 01:00:00+00:00,19437.288174996822,18045.379136186082,29701.91942443917,22449.18316586351,23902.16234986633,31203.02014994085,33359.90619151518
2025-06-18 02:00:00+00:00,19465.3753727816,18103.338575768736,29763.410746775822,22664.159163390057,23916.8866428811,31203.620898972946,33359.754931241565
2025-06-18 03:00:00+00:00,22468.55994270387,18334.632202640325,30114.469682966796,23180.21164978875,24135.370044057938,31203.620898972946,33460.09706617509
2025-06-18 04:00:00+00:00,26212.983810497015,20232.7223641166,31399.235321209588,25631.87506407218,25272.901982580697,32619.710677692034,34172.082048052536
2025-06-18 05:00:00+00:00,31256.01166220296,22635.303817495085,33974.59506108437,30251.70095901575,31779.786674602365,34522.57451667652,37317.13134296069
2025-06-18 06:00:00+00:00,37768.390697305804,25864.82962190588,36673.639800302284,38123.024283071965,37746.22312996029,35636.97746735227,40104.99054777615
2025-06-18 07:00:00+00:00,40000.97750969536,27026.145489270126,38549.538999735254,40636.56644249656,40543.95974489558,40198.98317075927,40901.207844858734
2025-06-18 08:00:00+00:00,40500.784119524156,27350.74999248349,39251.59032859681,41202.37614338084,40947.519219915535,41050.27467384572,41315.47766352029
2025-06-18 09:00:00+00:00,40457.642396820425,27457.2668428504,39316.93391874936,41167.67777713252,41173.71972420879,40970.09895838869,41282.53571981289
2025-06-18 10:00:00+00:00,40427.48222993007,27489.9982963972,39488.57554880673,40974.54827662982,41074.14425904067,40880.57275031819,41255.84873762119
2025-06-18 11:00:00+00:00,40450.86844525816,27502.84358316713,39462.879068748916,40908.62423229463,41072.66384321368,40881.61715851568,41336.01574829968
2025-06-18 12:00:00+00:00,40313.766815258496,27541.269794886703,39209.53992925868,40976.026830970164,40870.095380246865,40969.85764779387,41359.77335665885
2025-06-18 13:00:00+00:00,40326.04722469879,27539.679424993745,39183.194865575126,40936.410351770624,40757.906987624374,41019.55372668244,41330.46144346097
2025-06-18 14:00:00+00:00,40078.69950514975,27283.208959408446,39057.08762993504,40673.18662942007,40485.19430276358,40400.087853323006,40890.859048070066
2025-06-18 15:00:00+00:00,37736.845032121855,26317.47728415157,37423.339048326685,38662.667461111094,37795.30103917002,37035.055473885,40264.59146300572
2025-06-18 16:00:00+00:00,32945.0662194988,24316.100369600976,35674.05095304224,32443.35883597418,34291.87272936907,36212.29356940792,39335.78747354733
2025-06-18 17:00:00+00:00,29355.853820127137,21947.83496196131,33255.59943103213,27988.888517799183,27858.446171861466,35069.320154559195,37573.31322915241
2025-06-18 18:00:00+00:00,24419.11097989128,19564.62873609454,30953.759260659128,24574.703538701935,25579.047693097677,32907.549763005954,35446.107186673325
2025-06-18 19:00:00+00:00,21789.715266714054,18404.270228351732,30083.0798486521,23154.67243368481,24909.395126321157,32549.98929746292,34994.65656704868
2025-06-18 20:00:00+00:00,19991.224456302018,18260.263848110764,29748.05647462846,23060.689797889376,24865.023933937653,32477.531485205058,35065.08510997459
2025-06-18 21:00:00+00:00,20014.88873946377,18287.809020280896,29853.945615915993,23056.6211487933,24864.11268783127,32633.291169522134,34621.938716767254
2025-06-18 22:00:00+00:00,19908.957771791782,18258.084704217774,29834.972182327925,23045.555653206167,24723.081669800013,32555.91973051529,34620.487147948494
2025-06-18 23:00:00+00:00,19556.559497073053,18214.871115086604,29839.233408165775,22965.79665227438,24392.15496422614,32241.83205972711,33544.64280454766
2025-06-19 00:00:00+00:00,19556.580301179187,18088.995957264997,29799.912757086808,22896.569219405115,24392.37981713971,32241.276581806047,33398.97327018569
2025-06-19 01:00:00+00:00,19554.83282206955,18213.699305634094,29817.406723231765,22786.356011622705,24301.922539242078,32247.306092602215,33392.186496584094
2025-06-19 02:00:00+00:00,19582.699836087802,18201.36244302317,29851.229856755126,22646.496135201458,23958.89245768183,31661.400268264133,33402.72361785987
2025-06-19 03:00:00+00:00,22424.645592273166,18350.32061838011,30184.71087903921,23254.10114474193,24016.129272782844,31662.40574213102,33458.41060213773
2025-06-19 04:00:00+00:00,26273.516412248573,20466.49198474178,31564.4022753115,25616.07254991442,25064.4072989467,32749.292769747328,34179.7280867906
2025-06-19 05:00:00+00:00,31245.972880574842,22935.987944274926,34302.050146232556,30451.914327997813,32199.46022262982,34411.501632599044,37231.06116499644
2025-06-19 06:00:00+00:00,37598.02028462771,25748.59704242219,36848.88061671587,38063.68414425884,37502.44004722123,35345.201342958186,40016.60555346399
2025-06-19 07:00:00+00:00,40057.06033543739,26935.94214305392,38835.34122736915,40636.36136700927,40563.11587639577,40310.80691013973,40720.18542889296
2025-06-19 08:00:00+00:00,40474.89374493836,27263.029981502015,39338.07897351065,41276.43398222153,41027.58764772443,41456.79219373449,41195.92292786102
2025-06-19 09:00:00+00:00,41050.60008552127,27370.436914803016,39922.30392006554,41406.28726161827,41390.024347092905,42129.66924273869,41669.010338781016
2025-06-19 10:00:00+00:00,41798.96813739682,27393.836900400976,39946.70679148873,41936.422912078095,41773.727237114166,42529.05593186403,42349.95049014616
2025-06-19 11:00:00+00:00,41790.07825998115,27420.828871923386,39974.62511430139,41835.34985784657,41607.82506725799,42462.84019434929,42321.42167958925
2025-06-19 12:00:00+00:00,40850.89045406907,27449.86771812942,39860.22042088904,41205.461156072975,41153.83572894507,41621.88777128749,41624.96026737409
2025-06-19 13:00:00+00:00,40473.97799203813,27450.403247926195,39427.293496894636,41135.77087160466,40889.416573785886,41326.8072107239,41263.673473401286
2025-06-19 14:00:00+00:00,40301.70498014488,27418.401551263996,39174.5845551147,40952.42861002242,40863.21929687312,40988.12894390853,41028.6583949183
2025-06-19 15:00:00+00:00,38940.28262061803,26645.375179037896,37860.71178978351,39627.54452561158,39293.406944385926,39173.941142452466,40238.33479529995
2025-06-19 16:00:00+00:00,35528.600489537035,25080.505530708993,36511.50877615609,34803.956808351366,35769.8623354118,36213.477976340524,39731.64140944501
2025-06-19 17:00:00+00:00,29906.596219886367,22596.974404634384,34181.08162249569,28787.23826242972,31403.691334890897,34983.86960281035,37578.721064269565
2025-06-19 18:00:00+00:00,25394.33601958648,19693.85373237108,31242.714434841007,24629.819413223195,25457.569239123037,32961.90566632657,35377.35034128858
2025-06-19 19:00:00+00:00,21681.52230045232,18319.233181582636,30050.692272402,23112.454180573062,24725.12667242156,32447.271045850463,34973.922811044
2025-06-19 20:00:00+00:00,19774.957516992363,18194.259842280357,29755.523239525402,23009.204073551035,24690.071404655388,32160.178748341383,33922.75763500604
2025-06-19 21:00:00+00:00,19594.60851997764,18241.792545677567,29821.950169637395,22899.585763690226,24302.032490063655,32267.863216261085,33459.985996267234
2025-06-19 22:00:00+00:00,19456.33245040944,18211.126788227,29808.95847904425,22752.243936983432,23824.038031694243,31615.282493800896,33463.1720004761
2025-06-19 23:00:00+00:00,19228.628427828604,18088.654129559105,29770.068457902522,22477.53092691888,23708.24744554871,31058.70320830419,33403.1044877203
2025-06-20 00:00:00+00:00,19132.451197877588,17921.6844828387,29723.39636829468,22354.462750596955,23606.88872011495,29953.28923595746,33384.51526368268
2025-06-20 01:00:00+00:00,19137.90526447347,18020.444026775163,29741.17712258782,22186.43315953686,23606.88872011495,30017.8048094962,33358.04797151786
2025-06-20 02:00:00+00:00,19057.345439020522,17966.07733565488,29754.891873382992,22194.030033367897,23620.986208973318,30086.181994866296,33350.00909340657
2025-06-20 03:00:00+00:00,21962.292878357897,18242.037113642364,30058.408567085546,22997.334139087914,23879.80776427745,30114.292507448783,33452.922535456906
2025-06-20 04:00:00+00:00,25845.03837209468,20487.643529175337,31762.299360778074,25289.081039862678,24593.440034838095,30786.12649011388,34647.98479124848
2025-06-20 05:00:00+00:00,31604.620073202594,23234.981765736222,34463.58434585743,30735.952460537992,32344.85927288536,33888.560148933524,36875.070631367766
2025-06-20 06:00:00+00:00,37463.187654778514,25998.118626722156,37091.91376191173,38367.38900428381,37504.028706333134,35878.2387983493,38624.562787351475
2025-06-20 07:00:00+00:00,40065.05413819044,27300.597539609138,38958.90300879078,40796.16565519255,40654.16942472818,40513.16576551599,40473.29832690159
2025-06-20 08:00:00+00:00,40579.147399252855,27274.979172852898,39384.18340702715,41199.03246659496,41262.48423413122,41495.61870063509,41236.14632811423
2025-06-20 09:00:00+00:00,41854.08325415784,27331.65783914311,39924.034450728446,41979.791327478866,41974.75630130293,42549.64663250032,42280.97498436245
2025-06-20 10:00:00+00:00,41981.386780606364,27364.734505142438,39915.01421916828,41955.0692308628,42019.45155891512,42559.122539012,42338.48929295271
2025-06-20 11:00:00+00:00,41970.148247172016,27366.46443629323,39963.891410941396,41933.534578842584,42018.709940593406,42539.5853620917,42345.96323981749
2025-06-20 12:00:00+00:00,41942.11853449829,27394.346558853576,39990.085568918395,41918.99184617949,42002.95826693948,42551.92782655855,42333.849077307044
2025-06-20 13:00:00+00:00,41810.15257902515,27394.346558853576,39991.69409945273,41909.33340010368,41964.84687015578,42464.581361127486,42099.49552753472
2025-06-20 14:00:00+00:00,40554.104404567806,27398.164374678192,39456.838606410165,41289.29575176906,41064.60181097892,41465.705202186706,41377.01070373615
2025-06-20 15:00:00+00:00,39564.11349888702,27093.67725709377,38543.89645710293,40179.90847669479,40051.24114583792,40094.74096040427,40624.45481409739
2025-06-20 16:00:00+00:00,36553.32024146635,25390.670991694744,36785.18344558692,36045.4783399115,37023.62856288922,36307.140126441576,39960.11773476139
2025-06-20 17:00:00+00:00,30332.74922473298,22618.801911297818,34217.11973337504,29119.695044067535,31710.89578292068,35081.811280194095,37792.71803423595
2025-06-20 18:00:00+00:00,25527.30583585127,19828.615900053384,31270.696709596818,24801.05010160756,25659.118815053986,33050.63040448444,35592.10369597819
2025-06-20 19:00:00+00:00,21693.582775140447,18407.79601734176,30074.399386864392,23142.9806877023,24774.63066381263,32437.73305503324,34984.849867606805
2025-06-20 20:00:00+00:00,19577.731645282445,18192.005381133655,29757.810683669348,23003.152299354682,24442.409514910076,32063.937654272027,33628.292348731025
2025-06-20 21:00:00+00:00,19641.1514213977,18240.224732578212,29841.15838050183,22799.070353973962,23982.940587827772,31810.80388291847,33463.729450478495
2025-06-20 22:00:00+00:00,19400.939227152758,18106.625892231234,29787.49280652347,22538.79175464168,23893.298642416026,31072.136848032518,33458.67753552229
2025-06-20 23:00:00+00:00,19287.23575060409,18042.822232590148,29741.59934573591,22419.811501723205,23796.952523776177,30022.402467433163,33378.59596065579
2025-06-21 00:00:00+00:00,19281.712981238878,17935.478300528972,29726.144219110636,22315.99196964496,23811.29159466641,30079.78867709675,33362.571942403316
2025-06-21 01:00:00+00:00,19281.719656774105,18000.472608099724,29746.23641177967,22365.538629088944,23811.51644757998,30143.385289479644,33360.13863592881
2025-06-21 02:00:00+00:00,19201.802984106143,18054.769477823975,29768.635085224283,22236.442719599614,23826.89646309696,30243.119878054058,33329.023750946144
2025-06-21 03:00:00+00:00,22114.678371414135,18381.427962171878,30086.189141702445,22949.904316177977,24073.977723361968,30267.257738851375,33431.937192996484
2025-06-21 04:00:00+00:00,25955.559563414896,20496.22846521638,31763.701995020132,25429.831761782378,24761.572276967745,31009.049941489582,34641.382923305966
2025-06-21 05:00:00+00:00,31734.71997458987,23277.91710485294,34550.38735450783,31136.85669011723,32820.72259799181,34741.33394384184,36886.124463119835
2025-06-21 06:00:00+00:00,37736.94378725309,26067.798718128728,37136.11275401903,38711.42176425718,37961.48617667209,36295.72599629841,40073.490954883564
2025-06-21 07:00:00+00:00,40179.481487464574,27266.675418907234,39080.54765531523,41000.19832757683,40751.40627698674,40777.866018353874,41043.13575368079
2025-06-21 08:00:00+00:00,40881.68827292303,27298.094596981646,39698.09845580965,41284.1752679487,41384.07884113611,41976.25849480448,41535.825146672985
2025-06-21 09:00:00+00:00,41950.97472044054,27340.140807576838,39962.01100084213,41963.63914928435,41979.98799891735,42552.81243174552,42326.4649577149
2025-06-21 10:00:00+00:00,41974.62008511608,27373.49274586842,39970.53207516767,41954.125223614545,41974.579948366634,42566.28674650347,42380.83093785394
2025-06-21 11:00:00+00:00,41963.37084095821,27369.667570272286,40016.75452326515,41924.11759942505,41979.55684204156,42564.38409719701,42393.65303716418
2025-06-21 12:00:00+00:00,41953.69079279341,27369.667570272286,39999.354995829715,41922.47090913684,41994.24406844811,42546.537276402865,42324.4003233952
2025-06-21 13:00:00+00:00,41809.54369978471,27369.667570272286,39971.2408765017,41926.64623988723,41942.75876076348,42416.79896878518,42072.353173734715
2025-06-21 14:00:00+00:00,40588.89807585422,27376.868349554985,39439.35822908863,41315.22710709079,41025.98405362731,41340.24782832322,41371.93331226547
2025-06-21 15:00:00+00:00,39584.91994475405,27069.746833373494,38521.25575727248,40192.603568433915,40005.993984392975,39933.777996161836,40624.59529558986
2025-06-21 16:00:00+00:00,36339.122762351704,25292.512371490266,36759.536442388555,35926.138481392,37006.101633302496,36326.796612775775,39936.58909656705
2025-06-21 17:00:00+00:00,30376.12096441007,22593.09771084501,34218.453499504605,29105.634672834676,31736.147934511584,35127.44398378582,37809.13676354162
2025-06-21 18:00:00+00:00,25586.91628727159,19801.528622868096,31286.338185752047,24785.406356345797,25789.380686830777,33115.59776609167,35643.17991926057
2025-06-21 19:00:00+00:00,21821.87624097051,18436.713746697853,30106.45023427262,23155.49703290815,24920.180047067675,32689.93239770791,35106.82527579565
2025-06-21 20:00:00+00:00,19990.844123911316,18270.106888056376,29781.33403929382,23057.994818598607,24872.825566103867,32571.93311657749,35059.04826532246
2025-06-21 21:00:00+00:00,20012.517555077964,18276.78730455724,29853.99153230815,23046.860323536028,24882.73942702229,32707.08171350518,34616.63206339694
2025-06-21 22:00:00+00:00,19726.872979708176,18262.839093454026,29852.337127511124,22950.911053745323,24586.087347818535,32327.656642104124,33606.55236079719
2025-06-21 23:00:00+00:00,19694.88958625248,18216.329686440906,29806.82034065757,22801.572254966788,24123.498119963257,31811.385175947307,33397.75818892099
2025-06-22 00:00:00+00:00,19280.350803105826,17923.214187287675,29753.43263336669,22532.29765023798,23752.78465586837,31070.2487220129,33390.296705451445
2025-06-22 01:00:00+00:00,19275.69043033099,18048.601926062234,29772.03257299132,22540.4262169085,23752.65998463315,31123.586501317313,33391.0177187966
2025-06-22 02:00:00+00:00,19303.589174336463,18124.891627297107,29846.249070682887,22542.300139701194,23767.289053030225,31121.907006515485,33391.02629627048
2025-06-22 03:00:00+00:00,22526.690777058637,18442.457257280952,30221.76772303963,23354.44520962403,24016.921556139016,31148.565851247673,33499.08936823131
2025-06-22 04:00:00+00:00,26340.18361627721,20651.076028538268,31836.904603693943,26059.20545715802,25299.252499571,33040.946951054204,34655.96028320295
2025-06-22 05:00:00+00:00,31993.30311483914,23370.667175931623,34582.20516770678,31214.00957218992,33196.10561723831,35150.7715262722,38478.95115147353
2025-06-22 06:00:00+00:00,37724.400903010945,26052.899687464906,37179.23918787736,38724.6929176382,37936.95067468458,36507.93600569959,40167.90960315397
2025-06-22 07:00:00+00:00,40140.18290869937,27275.394646817756,39147.20670330031,40958.008479724136,40693.00313434652,40763.62522951635,41009.765191449114
2025-06-22 08:00:00+00:00,40848.136328290566,27302.49900815487,39649.104973385955,41280.06703219261,41365.53270323317,41972.2094130294,41608.27080307473
2025-06-22 09:00:00+00:00,41937.78164477845,27374.082325088948,39957.725099854855,41977.56858826703,41928.14312383786,42489.42452855203,42305.04312381257
2025-06-22 10:00:00+00:00,41943.92568657713,27430.0427025787,39986.23572759801,41949.41489122542,41919.70276155744,42510.42217377746,42360.84449722648
2025-06-22 11:00:00+00:00,41928.413529174475,27405.26709260533,39988.10998486715,41903.49478539712,41905.29476294826,42500.04251392228,42368.150465480474
2025-06-22 12:00:00+00:00,41745.29885472699,27414.262391837896,39927.470385911976,41820.687081593074,41732.79211044167,42078.090889823216,42330.43844600885
2025-06-22 13:00:00+00:00,40872.50192529276,27447.592541971906,39900.795120029645,41205.373413997055,41232.1399613476,41611.31720872334,41664.64973730527
2025-06-22 14:00:00+00:00,40462.51997547973,27473.87882406895,39259.08965674423,41136.05692279566,40802.13418617615,41004.83114337301,41334.55617446367
2025-06-22 15:00:00+00:00,38986.012561264775,26726.169356438648,37771.568706048856,39628.960528587966,39333.40233221198,39225.64382854753,40317.02756835219
2025-06-22 16:00:00+00:00,34500.45991364968,24789.544105878398,35700.04562132891,33944.99996111875,35501.52445023948,36298.75086001147,39858.788510445826
2025-06-22 17:00:00+00:00,29359.48615073776,22005.065270509007,33170.419939674706,28024.877790768995,27867.429647490633,35070.57697164382,37674.90336720679
2025-06-22 18:00:00+00:00,24328.55063927261,19602.19195718233,30891.051345968543,24584.323308004532,25343.535414199505,32782.637659762455,35524.947246530755
2025-06-22 19:00:00+00:00,21702.76725706589,18471.624713681213,30060.448216560275,23161.830418704583,24726.77726985378,32510.199532758357,35180.336552798166
2025-06-22 20:00:00+00:00,19899.983140442862,18345.88623631979,29761.22450710228,23057.6325024548,24684.583457718934,32496.671957803086,35221.771675821336
2025-06-22 21:00:00+00:00,19916.64307638317,18462.017692465874,29838.015378049517,23048.513963644273,24690.731684956896,32703.98502521533,35218.232245287116
2025-06-22 22:00:00+00:00,19908.713609923834,18441.15889113912,29836.61194715444,23044.905723162294,24688.256189702683,32703.778031026428,35213.53449485135
2025-06-22 23:00:00+00:00,19880.02549532412,18363.141015520927,29853.67772763087,23048.259534948073,24686.46120348968,32728.189465172378,35029.63306462805
2025-06-23 00:00:00+00:00,19880.29812962596,18235.309320047887,29829.79244786953,23038.546742589824,24688.3794103373,32725.980061430488,35031.34123587446
2025-06-23 01:00:00+00:00,19879.134158714965,18360.139609606627,29831.364794888206,23044.83110468136,24677.351186334177,32656.346461614994,35031.344598617696
2025-06-23 02:00:00+00:00,19906.909607180285,18320.6087637999,29894.16677391327,23052.225934110724,24678.562069398467,32652.139678367545,35031.46789508356
2025-06-23 03:00:00+00:00,22879.58353246379,18548.675348256238,30294.378981687503,23570.78591128489,24813.07046926431,32641.789368944723,35020.984553694674
2025-06-23 04:00:00+00:00,25568.90781743304,19731.75753175421,31022.875110498484,25351.72140815329,25310.191429914914,32971.60579637652,35527.970395935175
2025-06-23 05:00:00+00:00,29038.947735094505,21716.941986451024,32690.245409098323,28028.14700550045,27339.502054880624,34405.50621576585,37373.66716740743
2025-06-23 06:00:00+00:00,35202.401882754246,24767.75575464129,36103.66008737061,34220.89088146658,35291.41182697998,35425.89072708889,39582.801253663514
2025-06-23 07:00:00+00:00,38905.62922913443,26638.249229828336,37702.66930955273,39587.33887743446,39143.269403093866,39003.2390105061,40249.71754262838
2025-06-23 08:00:00+00:00,40003.196538835924,27299.021986499443,38943.27920917985,40591.84462426459,40633.105418725245,40424.213115741324,40999.011182090246
2025-06-23 09:00:00+00:00,40259.349490711575,27470.421156397242,38736.70063686354,40936.508085149915,40783.68291617114,41029.48155504419,41209.90446930631
2025-06-23 10:00:00+00:00,40290.48404247426,27523.77410132231,38607.52489352914,40920.2811988475,40792.77459419595,41054.2401641784,41238.18774385114
2025-06-23 11:00:00+00:00,40299.34468610259,27490.312501092973,38564.86699244605,40787.60382705641,40817.18226186456,41040.7182409747,41332.28874775959
2025-06-23 12:00:00+00:00,40005.30680229217,27385.10541231927,38543.061500251824,40346.56969033947,40689.07162520822,40447.593108734014,41114.26557603045
2025-06-23 13:00:00+00:00,38874.128461651315,26783.037096602726,37439.28137880039,39399.01126842334,39209.931041551936,39151.481362455226,40361.92793076895
2025-06-23 14:00:00+00:00,37360.29464171886,26057.241432659284,36642.562206338516,38211.35253700144,37644.55497044478,36288.28059278397,40327.1990114166
2025-06-23 15:00:00+00:00,36115.47224783835,25198.154021511335,36245.40508687282,35882.80825115689,36694.087001163556,36220.66136493797,40055.43558036302
2025-06-23 16:00:00+00:00,31537.699328603652,23589.21086039462,34454.18350314872,30833.8389074522,33040.34660724449,35757.39267854661,38715.63705795204
2025-06-23 17:00:00+00:00,27871.969076436737,21588.031724168133,32593.56212614547,27246.979865621066,25946.286057966296,34407.71218053559,36590.18874707061
2025-06-23 18:00:00+00:00,23778.13527880179,19479.363281189202,30492.256259853148,24419.13232226465,25174.538163038516,32856.842537997596,35336.17411802921
2025-06-23 19:00:00+00:00,21158.460928414217,18306.57341675324,29674.537383092327,23023.62190902998,24506.921175549363,32453.502066302204,34979.094103680996
2025-06-23 20:00:00+00:00,19306.618125897607,18201.426840101958,29660.930726795144,22927.7548874499,24376.133021494614,32077.112861057307,33915.621740404626
2025-06-23 21:00:00+00:00,19408.997636946253,18243.83756605904,29799.280029286383,22816.051505712876,24308.849842992968,32276.923695515947,33469.393653553365
2025-06-23 22:00:00+00:00,19584.429895647358,18230.950824222156,29809.576729981713,22901.075503409975,24298.308146172225,32274.408973066857,33472.02729354559
2025-06-23 23:00:00+00:00,19558.471473865968,18196.789946410434,29814.772837052667,22745.272372653664,23935.86928891942,31822.681240620015,33406.148186279395
2025-06-24 00:00:00+00:00,19430.87280310897,18027.848715297114,29801.32145792578,22750.70781712172,23821.503533360978,31082.877434784168,33395.6993116827
2025-06-24 01:00:00+00:00,19238.400626765455,18104.252633585915,29778.342287828127,22446.285951865506,23700.945003601482,30695.393074697837,33393.35075523187
2025-06-24 02:00:00+00:00,19266.323312653865,18166.00355174833,29857.582395749658,22452.468705789157,23715.992573407224,30931.82560220328,33394.78299753006
2025-06-24 03:00:00+00:00,22236.143074695356,18425.79818297772,30233.698113795257,23104.049999322808,23891.295324538412,31131.9451354385,33459.577587647036
2025-06-24 04:00:00+00:00,25888.906588943984,20335.104763918258,31493.899941667594,25603.831374763562,24593.929505256656,32177.60291180147,34169.66753905732
2025-06-24 05:00:00+00:00,30754.016818955686,22591.277374303805,34046.95050211371,30075.33115027834,31285.843803504413,34142.11489902875,36030.01073255718
2025-06-24 06:00:00+00:00,35253.33397329042,24910.78488055133,36333.12884510717,35134.19781250901,36309.00153511627,35307.83437126153,39149.367914809125
2025-06-24 07:00:00+00:00,38881.15367882743,26638.08525753218,37403.61258858005,39678.58635306569,39230.77236170762,38926.66407171111,40099.24735457863
2025-06-24 08:00:00+00:00,39482.67742856503,26959.984634115735,38091.55901081384,40004.35825422666,39918.7969660004,39927.77861808977,40571.08676013515
2025-06-24 09:00:00+00:00,40277.16842604056,27365.366004081432,38783.327168568925,40977.656711288444,40898.10355062364,41020.688710256545,41020.32516329186
2025-06-24 10:00:00+00:00,40488.029190166235,27447.815088566273,38875.945731488944,41168.84173464745,40961.94894472221,41164.877615581034,41308.81689852998
2025-06-24 11:00:00+00:00,40452.75090689502,27421.95189425944,38951.61332130819,41012.54961256818,40859.89161781517,41169.56962418458,41324.05114059056
2025-06-24 12:00:00+00:00,40434.753852511494,27423.045901851558,38872.99542516432,41002.510571143444,40866.11641299951,41159.965355159955,41273.37932418732
2025-06-24 13:00:00+00:00,40015.08268740235,27423.045544994286,38774.48167913465,40673.01727367938,40523.76095326736,40723.9033570429,41017.49517936642
2025-06-24 14:00:00+00:00,38906.355555661685,26577.893501198178,37491.26823072279,39512.136016620214,39228.12409364759,39168.1075760995,40205.76767348047
2025-06-24 15:00:00+00:00,35153.814790834804,25264.821644138323,36296.577630684296,35078.85791903796,35967.401726104144,36186.7617945757,39757.05090897753
2025-06-24 16:00:00+00:00,29936.58149118436,22981.15777130386,34309.1295340927,29539.098111077044,31687.958111550623,35415.209659009306,37829.58602288259
2025-06-24 17:00:00+00:00,26306.809629300118,21088.826057816124,32363.808551926664,26163.48815797569,25841.12467365206,34154.815911237376,36174.37691904313
2025-06-24 18:00:00+00:00,23952.376663101768,19260.901419520476,30800.918538260605,24341.10907709182,25242.226820908774,32716.143431273427,35401.6685259234
2025-06-24 19:00:00+00:00,21021.07690483739,18369.217309744072,29987.652664583773,23109.04694683819,24709.85302894889,32512.959200892634,34978.95230332382
2025-06-24 20:00:00+00:00,19820.571607716814,18269.452908377894,29746.253037192844,23020.416829363992,24688.760137496614,32433.397908165,35050.78813746997
2025-06-24 21:00:00+00:00,19840.31224267514,18307.09497092182,29830.63582550887,23015.668436873875,24677.21579021253,32628.662147208215,35026.02084787261
2025-06-24 22:00:00+00:00,19837.259194710383,18292.029218467702,29824.739776134662,23029.55696949007,24679.287257029344,32639.98228894869,35026.00759519542
2025-06-24 23:00:00+00:00,19693.926412399396,18232.65058484866,29821.612769230785,22930.182593797956,24679.206518552728,32597.459828039937,34544.413712242735
2025-06-25 00:00:00+00:00,19688.576129537334,18115.278656887087,29802.902196017425,22921.220797050395,24674.68945803133,32518.536294193196,34010.93258782875
2025-06-25 01:00:00+00:00,19806.485759456533,18215.898771367585,29827.753011804347,23016.149294476058,24674.647329494488,32558.46874715278,34010.93258782875
2025-06-25 02:00:00+00:00,19834.266308223803,18268.523562825998,29906.872472792405,23025.93298119924,24675.826676889847,32563.014984805115,34011.92421658442
2025-06-25 03:00:00+00:00,22488.313616969383,18492.110068310307,30227.41848080472,23414.75938555692,24808.083343788923,32564.77084044537,34010.89105032478
2025-06-25 04:00:00+00:00,25499.839389967154,19652.048572081378,30999.416632269953,25312.428931357317,25295.508080358155,32916.214007266564,35244.40785535368
2025-06-25 05:00:00+00:00,29953.262641669997,22274.09229106815,33695.22349919335,28706.230649594123,31038.909288198713,34392.19417710552,37370.11652729194
2025-06-25 06:00:00+00:00,32846.6156633992,24174.418602699134,35484.990223479384,32350.5449809181,34072.56885263747,35405.20871631654,39395.00787351537
2025-06-25 07:00:00+00:00,37710.899505856476,26219.516033574168,37421.26216066753,38835.39107365359,37834.156096158964,37227.59652407743,40147.20290712284
2025-06-25 08:00:00+00:00,40111.723730082456,27290.153545114445,39066.86781315594,40948.336494583804,40701.626942813105,40923.156058870176,40964.91922224287
2025-06-25 09:00:00+00:00,40480.9473586646,27360.012875048527,39277.76715524614,41131.09703758191,40978.38791276144,41354.00407218045,41272.24202578942
2025-06-25 10:00:00+00:00,40804.7432005363,27389.88704810274,39544.51753248997,41091.517167022794,41119.34067031266,41618.91675162505,41449.10708912702
2025-06-25 11:00:00+00:00,40791.42007821815,27416.83336812536,39549.17538108983,41093.840146608374,41087.87178648011,41649.55927204265,41410.33286477956
2025-06-25 12:00:00+00:00,40784.674353154594,27416.83336812536,39420.93571614844,41076.47418942985,41023.307083455744,41617.15600549168,41374.04442344142
2025-06-25 13:00:00+00:00,40440.811896805455,27416.83336812536,39191.31789611272,41096.188693436925,40958.13125755492,41186.15740172481,41273.87844675622
2025-06-25 14:00:00+00:00,40025.25297085849,27109.802685970706,38890.554206102446,40612.79719857563,40447.900136079894,40253.896060846055,40885.641731781296
2025-06-25 15:00:00+00:00,38556.09969387583,26331.32358857458,37564.52200757812,39114.578582596914,38630.79561693008,38438.65514928145,40204.540012220714
2025-06-25 16:00:00+00:00,34558.16181839457,24758.29877936098,36213.88163089269,34001.9966090411,35501.45536197417,36175.583523477086,39725.110666870845
2025-06-25 17:00:00+00:00,29240.959852752847,21982.3867986749,33275.70517104667,28097.167666795507,27720.402788317893,35013.453538195005,37496.403154475556
2025-06-25 18:00:00+00:00,24423.18017892808,19704.894892795364,31050.105247436077,24665.65707069184,25647.820883255037,32939.34728913529,35446.261568689224
2025-06-25 19:00:00+00:00,21799.890123265322,18441.763247994386,30097.87186947719,23162.923771202113,24916.439848448525,32637.262877912228,35110.01722151489
2025-06-25 20:00:00+00:00,19996.58020188066,18276.137345995154,29773.19838711275,23059.85201584667,24874.36443713862,32619.490224499008,35063.64063192285
2025-06-25 21:00:00+00:00,20019.146980563375,18304.21063821695,29852.615160889134,23060.155813611254,24861.66523938897,32732.99314511345,35044.936577040644
2025-06-25 22:00:00+00:00,19965.2948091124,18190.825671517003,29847.682853977167,23044.54884303144,24780.40191189731,32383.102557692706,33911.40251626028
2025-06-25 23:00:00+00:00,19737.697790015336,18154.021664261465,29824.020014984257,22835.118215241026,24588.399430334484,32386.677504360738,33395.128079325645
2025-06-26 00:00:00+00:00,19737.70381747349,18003.416155110208,29756.815400338965,22843.074453559657,24575.087738611826,32384.390494281906,33399.88735313274
2025-06-26 01:00:00+00:00,19705.29115180535,18095.546382160654,29724.906682359495,22851.254953145362,24486.118151064602,32323.150951907577,33368.78128302705
2025-06-26 02:00:00+00:00,19735.515311653802,18161.607808032248,29815.189743795043,22822.33677382476,24514.603313400065,32337.929987619784,33372.446587134604
2025-06-26 03:00:00+00:00,22720.022110362643,18460.125346650795,30131.726241893735,23486.875079944624,24774.967861926816,32339.433429234217,33498.08995535371
2025-06-26 04:00:00+00:00,26474.16071251481,20357.618452253075,31379.857684792667,25579.015062264876,25638.262817739003,33106.86646893417,35349.64583694141
2025-06-26 05:00:00+00:00,31240.824043544697,22774.645594402005,33989.404860924544,30236.11105107984,31784.075010357872,34609.32723729513,37737.49950647082
2025-06-26 06:00:00+00:00,35588.55190551671,25067.95080012857,36350.370770547,35159.60318510116,36093.926867638256,35540.503085130265,39732.2769576126
2025-06-26 07:00:00+00:00,39020.97066389877,26745.42784935048,37834.12651804797,39773.767374183204,39397.713401860536,39137.528702162446,40255.89004508836
2025-06-26 08:00:00+00:00,40009.3901013223,27409.797254201247,39045.41216945147,40827.48631755559,40469.1795061798,40711.95664227205,40952.8330554327
2025-06-26 09:00:00+00:00,40453.78359470308,27472.7107088435,39150.221046729304,41074.039820344406,40775.408387451236,40956.124488165995,41259.893872728375
2025-06-26 10:00:00+00:00,40100.99208101614,27521.64625527203,39063.11935238738,40775.50603946548,40576.53417650738,40696.55990097197,40995.633074442434
2025-06-26 11:00:00+00:00,40266.98771085731,27524.023362597596,39092.193002821245,40883.89505402976,40758.60560302366,40943.08583458158,41265.09581915142
2025-06-26 12:00:00+00:00,40014.16159968556,27226.70530631843,38845.50107724382,40438.82140513046,40396.573911863314,40154.61588753999,40960.63524717268
2025-06-26 13:00:00+00:00,38839.88011273209,26819.241737457,37730.0413261865,39529.68549333121,39149.498378914555,39153.635138459154,40296.713070328566
2025-06-26 14:00:00+00:00,37598.23363421891,25907.616749522753,36900.72565833988,38121.2660123108,37695.36202141303,36186.71358406406,40241.94555519239
2025-06-26 15:00:00+00:00,34342.76913111038,24639.6996663164,35590.759056749994,33683.53987563983,35006.901120279064,36197.13754083963,39584.6171601894
2025-06-26 16:00:00+00:00,29855.64330172047,22686.1637314175,34101.28958291939,28977.007008939734,31236.351417439917,35200.60857931732,37891.40371564968
2025-06-26 17:00:00+00:00,26298.01522683089,21061.611681810715,32252.923639486504,26050.643090035763,25745.041397204455,33906.506945541434,36067.82469135543
2025-06-26 18:00:00+00:00,23506.710077900363,19400.16248853841,30740.240222378845,24286.22452271659,25007.092958144152,32659.170056426756,35483.41253783679
2025-06-26 19:00:00+00:00,21173.665810110993,18459.860840918303,29899.49931828686,23065.26304174563,24486.29173756853,32518.465751966305,35159.37147524138
2025-06-26 20:00:00+00:00,19433.14985944273,18308.93688974847,29588.530819652635,22970.90527023006,24464.399567739936,32502.59441538758,35063.99483776752
2025-06-26 21:00:00+00:00,19451.764112870616,18418.566799309334,29812.647399981266,22845.09878051856,24459.761243016597,32703.726442151452,35078.92436296894
2025-06-26 22:00:00+00:00,19606.761510042117,18402.656232469602,29818.750811240006,22845.266945516127,24458.130483561075,32703.726442151452,35080.7578026359
2025-06-26 23:00:00+00:00,19577.136192955273,18341.325652065265,29797.060212171946,22828.99010572362,24464.20926130623,32621.838950358928,34950.79842102346
2025-06-27 00:00:00+00:00,19694.896290738066,18095.39992945135,29796.94088025942,22821.69974215723,24679.722339299326,32621.141698768657,34949.074920987245
2025-06-27 01:00:00+00:00,19811.42925528416,18183.883203195313,29755.08145895847,22907.293363374887,24679.166548158395,32623.514661740548,34949.074920987245
2025-06-27 02:00:00+00:00,19839.16866692782,18211.758042504447,29825.68242170706,22911.54093469938,24680.928727405393,32586.33140309221,34894.29160172818
2025-06-27 03:00:00+00:00,22606.697369521175,18371.665720272653,30129.339200468727,23247.57681853214,24815.736935702742,32586.33140309221,34689.67844719893
2025-06-27 04:00:00+00:00,25286.823305859158,19575.769105358573,30781.407855448495,24522.44567275173,25209.716398347413,32851.64369923986,35410.222588721495
2025-06-27 05:00:00+00:00,28158.048966334296,21556.286517686738,32663.25180323138,27575.9827139123,25831.94326250043,33822.23413977287,36775.62621672018
2025-06-27 06:00:00+00:00,32336.780658480056,24032.30705752341,35098.616579454734,32173.749120670956,33578.13968579706,35149.866137163925,39154.61320143253
2025-06-27 07:00:00+00:00,34863.5425071621,24914.157191065096,36209.393897912865,34066.44340057682,35366.86980897305,35951.9280903561,39612.58929656254
2025-06-27 08:00:00+00:00,36694.38227821887,25570.79501147316,36712.366053505386,37457.40276503325,37137.78347188451,36173.16599632738,39885.31387971171
2025-06-27 09:00:00+00:00,35541.19958433515,25308.697587675546,36465.566244417096,35036.45786992483,35874.05394557602,36165.61652457137,39644.28597323219
2025-06-27 10:00:00+00:00,34421.332283134914,24886.956681231317,35547.09366992872,33866.70598178908,35088.88906366251,36159.4870426617,39670.3895076574
2025-06-27 11:00:00+00:00,35250.321554772214,25113.429717807314,36223.888629276626,34141.19653612775,35344.65447691599,36155.78814931433,39683.429203457075
2025-06-27 12:00:00+00:00,37550.013783108705,25925.340457091745,36656.92638316033,37897.343477266324,37576.96670044772,36157.117638665535,39952.71363847856
2025-06-27 13:00:00+00:00,37605.276697911235,26451.83764516001,37286.325894466034,38436.84149867372,37715.5500355068,36980.85127385294,40179.771397667275
2025-06-27 14:00:00+00:00,37637.519546741176,25939.534829233053,36860.95541412863,38135.48425259898,37673.62159568485,36231.19762816804,40136.756548970356
2025-06-27 15:00:00+00:00,32511.19437495255,24255.62600177742,35326.14631738333,32240.6979166447,33246.0254216642,35936.10244146676,39228.14270372185
2025-06-27 16:00:00+00:00,29740.41318083292,22312.22880163697,33920.64329119203,28632.526877765005,31323.860458112853,35201.66690001454,37575.53617884868
2025-06-27 17:00:00+00:00,26514.975225933675,20783.14233660325,32001.261426734436,26007.860232499264,25790.35990453769,33892.789631863605,35892.4072230196
2025-06-27 18:00:00+00:00,23765.308496987716,19109.916672593434,30677.36403130083,24262.639247344752,25114.92518010909,32639.86453948963,35365.528395876434
2025-06-27 19:00:00+00:00,21690.341030311283,18418.70490761086,29975.77629461837,23164.16298691795,24706.03213798951,32394.560936241174,35080.71278201259
2025-06-27 20:00:00+00:00,19900.886370281725,18285.92449697904,29679.20445003504,23095.70938992624,24721.907270320015,32338.82343480875,34887.72057314318
2025-06-27 21:00:00+00:00,19970.43907057233,18349.05158179384,29802.125243312676,22969.617526983577,24721.586283072404,32574.945546334522,34153.57794751472
2025-06-27 22:00:00+00:00,19737.034888245118,18231.697810352674,29756.66510836258,22903.138909878373,24581.29471844106,32262.89856894494,33593.20563082418
2025-06-27 23:00:00+00:00,19654.377533356434,18141.28171938697,29736.537733237514,22832.841775262892,24438.42270783007,32251.080664995796,33370.69130506122
2025-06-28 00:00:00+00:00,19606.51808561907,17994.855980667897,29685.366404355886,22823.47788069994,24347.93319967352,32248.793654916964,33368.38524142225
2025-06-28 01:00:00+00:00,19561.585671755936,18104.374674354734,29698.821038397724,22814.267607358957,24342.526503859157,32253.067310072878,33371.45928617264
2025-06-28 02:00:00+00:00,19586.52626288269,18156.816580434257,29777.42806443619,22739.301257013387,24303.945297443435,32054.266417437706,33370.08982228623
2025-06-28 03:00:00+00:00,22559.769752316097,18377.291988827565,30153.559526053108,23301.335237035346,24461.60239576628,32253.668059104974,33401.782870828276
2025-06-28 04:00:00+00:00,26033.081997659,20008.021007366082,31325.97751480513,25409.315102916917,25164.762088640855,32757.056978892146,34234.56563314511
2025-06-28 05:00:00+00:00,31114.875367755856,22878.338604418987,34163.64516540673,30206.58786978453,31930.04061558149,34437.18474575781,38189.92344386722
2025-06-28 06:00:00+00:00,35649.8217271739,25042.573996616004,36329.47839083896,35255.15232117902,36387.50037546009,35394.1463011816,39771.50715340181
2025-06-28 07:00:00+00:00,38901.279806277824,26653.709196546602,37878.261827667106,39773.41342936791,39258.1663905061,38987.99721950172,40210.89423290325
2025-06-28 08:00:00+00:00,40019.02111731692,27335.822467463775,39123.28832741977,40862.123572871016,40620.8154611682,40716.74155152562,40926.40029724624
2025-06-28 09:00:00+00:00,40377.02961462942,27416.39955462929,39188.59396293411,40979.24340277226,40823.31091927652,40915.32254480089,40962.94418825777
2025-06-28 10:00:00+00:00,40109.18109352605,27485.760490353154,39130.72616661833,40960.65210532072,40646.679246662665,40743.06190298953,40920.07412498904
2025-06-28 11:00:00+00:00,39281.74452297487,27108.109291332185,38500.692386811854,39971.23309720852,39359.35780887367,39811.26760689601,40507.620884182026
2025-06-28 12:00:00+00:00,38876.98737075854,26668.43176712396,37763.042409207985,39490.63778548234,39159.379607574396,39084.68357988277,40307.09923988486
2025-06-28 13:00:00+00:00,37650.42820577478,26249.55527782972,37074.982493375945,38161.501681504116,37711.8644549487,36197.93697305689,40289.33770848861
2025-06-28 14:00:00+00:00,36993.48667117267,25784.175809001845,36906.39454883806,37483.37077527216,37241.10129599964,36157.42287771769,39993.06812861567
2025-06-28 15:00:00+00:00,32916.8280095339,24483.492337182663,35565.58449802058,32376.889187685174,34247.3402285346,35894.97505812507,39561.857163426925
2025-06-28 16:00:00+00:00,30447.99511566008,23005.565959083702,34316.43634589156,29447.16568251859,31836.715823512975,35383.15087666156,37873.13648820505
2025-06-28 17:00:00+00:00,27377.671662887322,21177.373151164753,32542.053131750763,26511.511810532076,26171.850252212047,34096.42890583771,36428.988765771945
2025-06-28 18:00:00+00:00,24050.290706023123,19390.034131180517,30910.350137610218,24408.736854244224,25344.642395735806,32842.43110383675,35400.96576065206
2025-06-28 19:00:00+00:00,21683.148267662047,18375.75504114176,30118.435990088423,23103.34254652544,24716.432606921997,32489.15972380245,35082.9792102751
2025-06-28 20:00:00+00:00,19885.704315048875,18278.25795604173,29804.621217152086,23012.652540522686,24674.170457191736,32491.134484843005,35163.65809446147
2025-06-28 21:00:00+00:00,19903.79403069811,18361.108304808182,29910.368452300307,23006.895877511215,24677.415311559347,32676.108689101045,35144.081367804676
2025-06-28 22:00:00+00:00,19900.32106495962,18339.087659877227,29900.912020908978,23034.462161567073,24715.444500541013,32668.71756047934,35024.65899223718
2025-06-28 23:00:00+00:00,19876.621832211033,18280.064527758386,29881.839519150213,22877.188786630566,24678.99932800095,32669.754106093053,34961.3371900948
2025-06-29 00:00:00+00:00,19876.59506959926,18069.578638202944,29780.877368574507,22876.74790631389,24678.899842900293,32604.577227288955,34950.575423236594
2025-06-29 01:00:00+00:00,19875.14818446877,18168.01597479693,29783.80422830125,22878.80244720268,24679.959198931898,32608.850882444873,34938.774917389725
2025-06-29 02:00:00+00:00,19903.000421758356,18149.24343735462,29808.469335078582,22887.98115520056,24681.298400914835,32566.4787444014,34699.69178112631
2025-06-29 03:00:00+00:00,22877.420467638858,18376.068080962745,30173.909784128697,23520.342447917064,24870.722347319694,32566.4787444014,34593.24437542119
2025-06-29 04:00:00+00:00,26364.778597705863,20295.81950213083,31420.709891396626,25611.317084303493,25485.396433306945,33111.3946597852,35667.42437152964
2025-06-29 05:00:00+00:00,31225.083810295295,22826.96509185748,34216.576323520254,30219.42341142845,31742.22919322719,34633.22925181873,37794.277657177365
2025-06-29 06:00:00+00:00,35754.83527498918,25108.553766618927,36377.10687832575,35468.974997055215,36543.39945100522,35524.99203590531,39876.820186819845
2025-06-29 07:00:00+00:00,39314.26776450292,26759.628553529823,38248.76717414515,39980.8013491592,39641.55371592058,39482.28721507715,40215.91565022445
2025-06-29 08:00:00+00:00,40121.40699118809,27322.680037343904,39159.021844036295,40950.68848417375,40597.88088898401,40835.315825977625,40948.061662359345
2025-06-29 09:00:00+00:00,40509.92351204012,27385.32054954103,39401.914447513125,41247.278440913135,40947.71989230113,41330.73882200427,41216.4039077443
2025-06-29 10:00:00+00:00,40876.406514877155,27428.85504984445,39579.23313047126,41227.19885775802,41162.55695882139,41696.57828256773,41368.661890086936
2025-06-29 11:00:00+00:00,41001.93383298534,27416.36026760185,39844.671277059715,41277.2791916677,41185.01751437479,41838.97104159854,41561.17185835205
2025-06-29 12:00:00+00:00,40756.72906054138,27416.360546292108,39596.38787679097,41153.58628725631,40945.23308962635,41593.66485656016,41353.34758856502
2025-06-29 13:00:00+00:00,40446.20807504785,27450.336162542048,39328.36685995032,41128.00183372079,40861.76632988613,41135.74777287096,41276.08223638525
2025-06-29 14:00:00+00:00,40011.68509533136,27446.035651121016,39134.503540494785,40838.973743873124,40595.91557660793,40703.10828506805,40953.093185529106
2025-06-29 15:00:00+00:00,38677.65900081922,26412.48136624867,37680.90838197154,39363.95806561024,38675.439754411396,39101.89781370143,40214.04537002413
2025-06-29 16:00:00+00:00,34895.831842743,24883.60789788766,36419.24359593213,34163.16722107451,35496.93832214323,36173.30258815002,39718.070865450936
2025-06-29 17:00:00+00:00,29195.327194164398,22042.727633960643,33246.92476718188,28066.063195951643,27683.756534635777,35008.85137842761,37497.379826833916
2025-06-29 18:00:00+00:00,24294.57682854072,19662.03319243878,31234.32955963733,24618.29087402409,25456.60449529363,32904.89418141972,35487.97314594588
2025-06-29 19:00:00+00:00,21683.905737612018,18406.14919190778,30096.167192086614,23107.431401332226,24713.17903017712,32520.043028561293,35074.98419908581
2025-06-29 20:00:00+00:00,19886.994104328907,18279.310340563447,29795.28300354433,23007.90859418056,24689.87919002861,32508.706613874787,35164.178673909155
2025-06-29 21:00:00+00:00,19900.428448036684,18322.026600353256,29870.804470630716,23009.36579156376,24691.21165833825,32704.589853947018,35025.316283865985
2025-06-29 22:00:00+00:00,19902.327002869686,18254.45419359486,29886.820147731338,23000.9593736139,24679.095359740357,32629.667621075107,35022.078730689296
2025-06-29 23:00:00+00:00,19880.292975079592,18190.39051133,29866.396557354543,23002.064402550994,24678.939813294626,32579.93634545195,34551.54960684414
2025-06-30 00:00:00+00:00,19555.475314113693,18076.14168609213,29809.513347220025,22952.255657055128,24392.3716749474,32246.37349627682,33539.931616255744
2025-06-30 01:00:00+00:00,19554.22806774686,18208.271657710644,29814.323927685076,22902.7071975778,24301.679974861174,32244.824178671082,33403.867265042325
2025-06-30 02:00:00+00:00,19579.755319853368,18256.85063507792,29884.77782045254,22631.562964061864,23939.33685164639,31797.80848935515,33406.07668384247
2025-06-30 03:00:00+00:00,22554.980761539915,18477.5700273113,30265.55265988607,23246.729377405634,24129.307438058397,31662.40574213102,33451.820250500365
2025-06-30 04:00:00+00:00,26288.65301793438,20526.229240987093,31636.311837878864,25916.917317061234,25324.086054175696,32757.26032067592,34293.41890973172
2025-06-30 05:00:00+00:00,31961.417714859577,23339.614953809367,34365.89864983919,30951.230159189883,33137.51097520896,34875.400725762156,38036.56785896285
2025-06-30 06:00:00+00:00,37715.289578356605,25930.024590669447,37131.574437037685,38269.13411184614,37804.10045716966,36156.6653822312,40065.39315547248
2025-06-30 07:00:00+00:00,40071.73452091563,27241.10113816992,39078.181374660555,40803.157102251665,40761.07721329978,40647.835229136865,41018.030098871
2025-06-30 08:00:00+00:00,40876.09542337213,27288.439380912205,39572.81114068433,41307.87717368893,41307.607432584184,41758.94682949154,41463.85627039581
2025-06-30 09:00:00+00:00,41852.43468177766,27364.81979615813,39946.11819316769,41962.21411352369,41951.78267725764,42550.31581785743,42279.87398030961
2025-06-30 10:00:00+00:00,41969.18510898226,27398.171734449716,39949.61007061563,41941.097421252474,41971.40157703054,42562.64782429017,42342.01387234936
2025-06-30 11:00:00+00:00,41945.522773694334,27394.346558853576,40017.26732247893,41952.22055166119,41981.32221971826,42547.999658970824,42345.71434925166
2025-06-30 12:00:00+00:00,41929.91798519361,27393.101357115796,40007.42564427317,41934.38558140561,41972.63151055372,42532.72450679116,42332.717024660036
2025-06-30 13:00:00+00:00,41803.48028197281,27395.151151363196,40021.462733600914,41967.40037440531,41927.868747280125,42389.19783209905,42084.625960440215
2025-06-30 14:00:00+00:00,40567.04989989742,27398.96896718781,39402.442878107926,41235.34014806091,41004.060678068025,41250.88795624038,41324.15914698116
2025-06-30 15:00:00+00:00,39473.23269327491,26856.84370959801,38490.04275853069,40145.7758835935,39671.40009390824,39717.849551393076,40298.505360332834
2025-06-30 16:00:00+00:00,35828.26380636117,25262.4563361331,36689.047909546614,35334.862057727296,36801.79306229277,36284.111612636676,39950.394074344615
2025-06-30 17:00:00+00:00,30033.76885973654,22583.754858267337,34205.99067869529,28830.876099225647,31637.74833578218,35081.21372709901,37589.28887461439
2025-06-30 18:00:00+00:00,24990.16430791236,19708.35087274585,31235.34529946922,24673.14726601772,25653.545569198963,32977.31168860479,35491.00210049288
2025-06-30 19:00:00+00:00,21681.559263155417,18420.75334418102,30126.783393077152,23146.59716476194,24758.979161110008,32504.71224680424,35083.3571648912
2025-06-30 20:00:00+00:00,19891.25348566664,18243.402197004278,29795.572107231463,23013.96069871672,24686.17244091542,32510.5418266927,35046.01833571055
2025-06-30 21:00:00+00:00,19910.32978950171,18313.908723409237,29896.681425429102,23007.94475479094,24689.499633217572,32638.670283261374,35031.063415825854
2025-06-30 22:00:00+00:00,19905.907949184497,18224.08712799463,29876.810582404294,23003.16329788223,24689.499633217572,32577.156743182313,34797.5652203241
2025-06-30 23:00:00+00:00,19874.913664568183,18188.15954622137,29861.585883867407,23002.70977074943,24678.87666115983,32352.725407276273,33833.4311878419
